episode,reward
0,-569
1,-551
2,-551
3,-506
4,-578
5,-551
6,-506
7,-488
8,-524
9,-384
10,-335
11,-254
12,-524
13,-407
14,-157
15,-434
16,-436
17,-254
18,-362
19,-551
20,-344
21,-308
22,-308
23,-452
24,-245
25,-560
26,-344
27,-506
28,-362
29,-245
30,-353
31,-281
32,-245
33,-254
34,-263
35,-479
36,-161
37,-448
38,-218
39,-245
40,-127
41,-281
42,-227
43,-227
44,-254
45,-177
46,-272
47,-245
48,-281
49,-192
50,-371
51,-461
52,-281
53,-227
54,-371
55,-263
56,-416
57,-281
58,-272
59,-243
60,-245
61,-290
62,-299
63,-326
64,-154
65,-263
66,-236
67,-434
68,-425
69,-263
70,-254
71,-371
72,-281
73,-308
74,-272
75,-398
76,-256
77,-198
78,-166
79,-263
80,-272
81,-272
82,-326
83,-272
84,-263
85,-272
86,-236
87,-290
88,-157
89,-344
90,-290
91,-86
92,-245
93,-281
94,-281
95,-241
96,-46
97,-263
98,-245
99,-51
100,-263
101,-260
102,-210
103,-443
104,-145
105,-155
106,-38
107,-272
108,-281
109,-244
110,-290
111,-142
112,-335
113,-371
114,-185
115,-299
116,-299
117,-308
118,-39
119,-259
120,-281
121,-284
122,-407
123,-308
124,-299
125,-82
126,-254
127,-54
128,-254
129,-425
130,-288
131,-308
132,-290
133,-254
134,-317
135,-135
136,-281
137,-148
138,-326
139,-344
140,-296
141,-245
142,-208
143,-245
144,-245
145,-299
146,-203
147,-290
148,-317
149,-326
150,-165
151,-139
152,-219
153,-263
154,-126
155,-254
156,1
157,-290
158,-101
159,-268
160,-184
161,6
162,-299
163,-34
164,-299
165,-344
166,-308
167,-125
168,-470
169,-151
170,-116
171,-290
172,-171
173,-272
174,-290
175,-51
176,-263
177,-126
178,-207
179,-263
180,-254
181,-254
182,-258
183,-281
184,-209
185,-260
186,-209
187,-196
188,-290
189,-245
190,-308
191,-129
192,-201
193,-108
194,-164
195,-362
196,-81
197,-362
198,-236
199,-326
200,-251
201,-145
202,-245
203,-344
204,-78
205,-174
206,-183
207,-317
208,-272
209,-256
210,-245
211,-179
212,-173
213,-33
214,-26
215,-207
216,-99
217,-111
218,-344
219,-223
220,-145
221,-60
222,-197
223,-254
224,-195
225,-14
226,-290
227,-308
228,-263
229,-28
230,-112
231,-27
232,-150
233,-254
234,-209
235,-21
236,8
237,-263
238,-184
239,-299
240,-290
241,-193
242,-199
243,-193
244,-245
245,-308
246,-234
247,-80
248,-281
249,-208
250,-118
251,-227
252,-208
253,-308
254,-247
255,-122
256,-195
257,-104
258,-116
259,13
260,-281
261,-290
262,-236
263,-281
264,-14
265,2
266,-73
267,-129
268,-159
269,-96
270,-136
271,-50
272,-398
273,3
274,-92
275,-84
276,-202
277,-258
278,-196
279,-262
280,-136
281,-183
282,-119
283,-152
284,-407
285,-88
286,-204
287,-242
288,-119
289,-240
290,-398
291,-146
292,-38
293,-236
294,-245
295,-38
296,-276
297,-13
298,-182
299,-23
300,-286
301,-207
302,-6
303,-176
304,-218
305,-76
306,1
307,-124
308,-91
309,-215
310,-164
311,-245
312,-7
313,-125
314,-23
315,-330
316,-158
317,-272
318,-201
319,-80
320,-24
321,-218
322,-177
323,-102
324,-103
325,-109
326,-147
327,-250
328,-74
329,-121
330,-45
331,-245
332,-144
333,-254
334,-239
335,-128
336,-3
337,-169
338,-162
339,-162
340,-326
341,-81
342,-13
343,-251
344,-42
345,-202
346,-194
347,-86
348,-25
349,-240
350,4
351,-61
352,-80
353,-135
354,-245
355,-12
356,-279
357,-205
358,-209
359,-119
360,-53
361,-141
362,-150
363,-175
364,-211
365,-290
366,-245
367,-117
368,10
369,-4
370,-46
371,-39
372,-205
373,-63
374,-154
375,-317
376,-111
377,-145
378,-207
379,-147
380,-194
381,-43
382,4
383,-127
384,-44
385,-231
386,-88
387,-13
388,-106
389,-290
390,5
391,-20
392,-8
393,-9
394,-51
395,-214
396,-253
397,-195
398,14
399,-114
400,-170
401,-47
402,-27
403,-209
404,-47
405,-62
406,-175
407,-254
408,-3
409,-236
410,-114
411,-239
412,-86
413,-116
414,-86
415,-108
416,3
417,-103
418,3
419,-98
420,-193
421,-31
422,-271
423,-74
424,-183
425,-10
426,-194
427,-208
428,-58
429,-252
430,-137
431,0
432,-16
433,-95
434,-77
435,-88
436,-110
437,-371
438,-106
439,9
440,-174
441,-10
442,-86
443,-109
444,5
445,-112
446,-196
447,-59
448,-84
449,1
450,-51
451,7
452,-149
453,-45
454,-84
455,-173
456,-79
457,-96
458,-95
459,0
460,-108
461,-60
462,-14
463,-166
464,-326
465,-62
466,10
467,0
468,-81
469,-39
470,-99
471,15
472,-85
473,-161
474,-255
475,15
476,9
477,-156
478,-98
479,-80
480,-87
481,-4
482,-119
483,-119
484,-74
485,-159
486,13
487,-105
488,-12
489,-199
490,-137
491,9
492,-93
493,-18
494,-45
495,8
496,-50
497,-136
498,-49
499,-95
500,-204
501,-125
502,11
503,11
504,-5
505,-52
506,-68
507,-106
508,-179
509,-34
510,13
511,-47
512,-122
513,-204
514,7
515,-130
516,-149
517,-126
518,1
519,-10
520,-308
521,-20
522,-25
523,-162
524,10
525,-11
526,-34
527,-52
528,7
529,-18
530,9
531,-7
532,-42
533,-104
534,-31
535,-75
536,-115
537,-122
538,0
539,-53
540,-47
541,9
542,9
543,-43
544,-76
545,-40
546,-143
547,11
548,-88
549,-86
550,3
551,-110
552,-11
553,-4
554,-62
555,-122
556,-95
557,-103
558,-11
559,7
560,-111
561,-13
562,-34
563,0
564,-36
565,-13
566,12
567,-88
568,-151
569,12
570,-32
571,8
572,-21
573,-34
574,-45
575,-46
576,-18
577,-19
578,-79
579,-28
580,-71
581,-133
582,-33
583,-69
584,-48
585,11
586,-154
587,-128
588,-62
589,-11
590,-68
591,-45
592,-46
593,-44
594,3
595,-6
596,-82
597,-130
598,-22
599,-7
600,-21
601,-36
602,-111
603,-47
604,-49
605,14
606,3
607,-179
608,-80
609,-124
610,7
611,10
612,-64
613,-51
614,-82
615,-195
616,-8
617,-1
618,1
619,10
620,-101
621,-38
622,-105
623,-83
624,-150
625,-146
626,11
627,-28
628,-169
629,-27
630,9
631,-1
632,-36
633,-7
634,-13
635,-48
636,-27
637,-41
638,-32
639,-1
640,-29
641,12
642,-111
643,-58
644,10
645,-100
646,-103
647,-55
648,-75
649,-87
650,-100
651,-80
652,-148
653,-71
654,-15
655,4
656,0
657,-37
658,-73
659,3
660,-115
661,-78
662,-130
663,-41
664,0
665,-97
666,8
667,2
668,-86
669,-113
670,-88
671,-2
672,-25
673,1
674,-44
675,-2
676,-48
677,-116
678,-64
679,11
680,-91
681,11
682,-56
683,-17
684,11
685,-81
686,-120
687,-96
688,-60
689,1
690,-40
691,-77
692,2
693,-51
694,9
695,-194
696,-71
697,-41
698,5
699,-100
700,8
701,1
702,11
703,-95
704,-18
705,-74
706,2
707,-24
708,10
709,-36
710,12
711,3
712,-182
713,-212
714,-166
715,-5
716,-26
717,-56
718,-46
719,14
720,-1
721,-11
722,-24
723,-3
724,-37
725,-3
726,-29
727,10
728,2
729,-36
730,0
731,-81
732,-18
733,-13
734,-96
735,-53
736,12
737,-32
738,-14
739,-4
740,-98
741,-12
742,9
743,-90
744,2
745,-46
746,-30
747,-118
748,-5
749,14
750,4
751,-72
752,-54
753,-40
754,-55
755,8
756,-44
757,-52
758,-15
759,-38
760,-37
761,0
762,13
763,10
764,1
765,-16
766,-160
767,2
768,10
769,13
770,3
771,8
772,11
773,-20
774,-45
775,-33
776,-67
777,-19
778,-62
779,-70
780,-11
781,-10
782,-51
783,-3
784,-34
785,11
786,-99
787,-11
788,-30
789,-5
790,-68
791,4
792,2
793,6
794,11
795,1
796,-73
797,12
798,12
799,0
800,-29
801,-51
802,-77
803,-4
804,7
805,-155
806,10
807,12
808,4
809,-4
810,-39
811,14
812,-1
813,9
814,2
815,12
816,-55
817,-78
818,0
819,9
820,4
821,11
822,7
823,-2
824,-90
825,-18
826,8
827,-67
828,12
829,-6
830,11
831,-36
832,-86
833,13
834,-9
835,7
836,-60
837,11
838,-37
839,-51
840,-54
841,3
842,-3
843,-103
844,4
845,-24
846,1
847,-12
848,-8
849,-65
850,8
851,-20
852,5
853,-1
854,-13
855,12
856,7
857,7
858,-35
859,-26
860,-1
861,-64
862,-51
863,6
864,-61
865,-4
866,-101
867,14
868,-19
869,-104
870,-1
871,4
872,-27
873,-97
874,-6
875,4
876,9
877,6
878,12
879,-30
880,1
881,8
882,-40
883,-6
884,-93
885,-96
886,-10
887,6
888,-17
889,-20
890,-14
891,12
892,6
893,5
894,-27
895,0
896,13
897,10
898,-1
899,2
900,-37
901,-22
902,2
903,8
904,-1
905,-43
906,8
907,-4
908,11
909,4
910,-18
911,-48
912,-53
913,-27
914,0
915,-14
916,-78
917,-17
918,-47
919,-52
920,0
921,-11
922,8
923,-5
924,-13
925,14
926,-3
927,-41
928,-21
929,10
930,-47
931,1
932,-48
933,2
934,-14
935,-19
936,-29
937,0
938,9
939,9
940,12
941,12
942,-32
943,-53
944,10
945,2
946,-9
947,6
948,-7
949,7
950,-7
951,8
952,-16
953,2
954,-3
955,-15
956,-22
957,-34
958,9
959,-13
960,-3
961,-6
962,-17
963,3
964,8
965,11
966,-1
967,-52
968,7
969,-8
970,12
971,9
972,9
973,14
974,6
975,-39
976,-14
977,-2
978,-10
979,-14
980,-88
981,-2
982,5
983,-1
984,0
985,-38
986,-6
987,10
988,-11
989,-1
990,4
991,7
992,13
993,-109
994,-19
995,-7
996,-16
997,-8
998,-9
999,-15
1000,7
1001,-26
1002,10
1003,-6
1004,9
1005,8
1006,-16
1007,11
1008,-9
1009,-11
1010,-43
1011,-15
1012,6
1013,-59
1014,6
1015,1
1016,-5
1017,-17
1018,10
1019,-51
1020,-82
1021,10
1022,8
1023,-23
1024,-9
1025,14
1026,13
1027,13
1028,-2
1029,3
1030,6
1031,10
1032,-2
1033,-18
1034,12
1035,-21
1036,10
1037,-80
1038,4
1039,0
1040,7
1041,-27
1042,5
1043,-22
1044,-16
1045,-9
1046,10
1047,-6
1048,-31
1049,9
1050,-21
1051,-10
1052,-17
1053,-8
1054,-15
1055,-1
1056,7
1057,-1
1058,-25
1059,-29
1060,1
1061,-26
1062,-44
1063,7
1064,-9
1065,-40
1066,3
1067,9
1068,-37
1069,-27
1070,7
1071,-4
1072,-8
1073,7
1074,9
1075,3
1076,-13
1077,-1
1078,-13
1079,-18
1080,-37
1081,8
1082,-4
1083,-8
1084,-3
1085,1
1086,10
1087,9
1088,6
1089,7
1090,-8
1091,-21
1092,-54
1093,-1
1094,-19
1095,6
1096,11
1097,-16
1098,7
1099,9
1100,-56
1101,-4
1102,10
1103,-47
1104,10
1105,10
1106,-14
1107,-21
1108,8
1109,8
1110,5
1111,0
1112,10
1113,-2
1114,11
1115,-38
1116,-9
1117,7
1118,10
1119,-58
1120,-13
1121,7
1122,-4
1123,-29
1124,-14
1125,6
1126,7
1127,-12
1128,-4
1129,-3
1130,1
1131,8
1132,-2
1133,1
1134,4
1135,-6
1136,-5
1137,7
1138,8
1139,0
1140,-14
1141,4
1142,9
1143,-14
1144,-20
1145,8
1146,3
1147,4
1148,-4
1149,1
1150,5
1151,8
1152,-46
1153,4
1154,1
1155,-2
1156,-30
1157,-21
1158,-45
1159,-3
1160,-1
1161,-16
1162,-8
1163,9
1164,9
1165,9
1166,-6
1167,-37
1168,-5
1169,-3
1170,2
1171,9
1172,0
1173,-3
1174,-7
1175,12
1176,4
1177,-11
1178,-11
1179,6
1180,-42
1181,-32
1182,0
1183,6
1184,-44
1185,-16
1186,9
1187,-4
1188,-2
1189,-4
1190,5
1191,-2
1192,-12
1193,-17
1194,-2
1195,-13
1196,-1
1197,-24
1198,6
1199,3
1200,-11
1201,-22
1202,-2
1203,-10
1204,10
1205,-16
1206,8
1207,-9
1208,9
1209,-7
1210,-10
1211,8
1212,-4
1213,-24
1214,8
1215,-2
1216,-14
1217,10
1218,11
1219,-11
1220,0
1221,6
1222,-4
1223,-5
1224,-6
1225,-24
1226,-42
1227,-36
1228,-24
1229,11
1230,12
1231,8
1232,-34
1233,4
1234,8
1235,0
1236,8
1237,6
1238,6
1239,-4
1240,3
1241,6
1242,0
1243,-2
1244,10
1245,11
1246,13
1247,-5
1248,-6
1249,-1
1250,-4
1251,-13
1252,-11
1253,6
1254,-5
1255,-5
1256,9
1257,-12
1258,4
1259,8
1260,-13
1261,2
1262,-7
1263,10
1264,7
1265,0
1266,-31
1267,-49
1268,5
1269,1
1270,8
1271,8
1272,4
1273,3
1274,6
1275,6
1276,2
1277,-25
1278,9
1279,9
1280,4
1281,-2
1282,5
1283,8
1284,-26
1285,-5
1286,10
1287,11
1288,-37
1289,13
1290,-13
1291,-16
1292,0
1293,10
1294,-2
1295,-92
1296,1
1297,2
1298,-15
1299,-2
1300,5
1301,7
1302,-10
1303,4
1304,9
1305,8
1306,10
1307,11
1308,4
1309,9
1310,-3
1311,5
1312,7
1313,0
1314,-7
1315,-4
1316,-25
1317,-14
1318,10
1319,7
1320,-22
1321,-26
1322,4
1323,5
1324,5
1325,-58
1326,-9
1327,-10
1328,-1
1329,7
1330,12
1331,10
1332,10
1333,4
1334,-20
1335,-9
1336,6
1337,9
1338,-7
1339,1
1340,6
1341,13
1342,-23
1343,5
1344,0
1345,7
1346,7
1347,5
1348,-1
1349,-13
1350,11
1351,10
1352,6
1353,11
1354,8
1355,2
1356,-22
1357,12
1358,4
1359,8
1360,8
1361,-25
1362,7
1363,8
1364,-5
1365,9
1366,9
1367,-80
1368,-22
1369,-14
1370,10
1371,8
1372,-17
1373,6
1374,6
1375,-14
1376,8
1377,6
1378,6
1379,1
1380,1
1381,6
1382,7
1383,7
1384,12
1385,15
1386,10
1387,8
1388,11
1389,0
1390,-20
1391,6
1392,11
1393,-6
1394,11
1395,-11
1396,-6
1397,3
1398,-1
1399,6
1400,3
1401,5
1402,9
1403,8
1404,-4
1405,-2
1406,10
1407,-13
1408,4
1409,4
1410,-4
1411,3
1412,-1
1413,5
1414,-5
1415,3
1416,0
1417,3
1418,-39
1419,-4
1420,-8
1421,-2
1422,9
1423,6
1424,8
1425,-11
1426,-13
1427,8
1428,8
1429,1
1430,11
1431,-8
1432,6
1433,5
1434,-4
1435,6
1436,0
1437,-6
1438,10
1439,8
1440,6
1441,4
1442,7
1443,-4
1444,10
1445,3
1446,-5
1447,7
1448,-4
1449,6
1450,10
1451,3
1452,-1
1453,6
1454,-6
1455,10
1456,6
1457,-3
1458,-23
1459,-1
1460,-4
1461,9
1462,-5
1463,-1
1464,7
1465,11
1466,6
1467,-12
1468,-7
1469,-4
1470,-2
1471,7
1472,-1
1473,-4
1474,5
1475,-10
1476,5
1477,-11
1478,8
1479,-5
1480,8
1481,-4
1482,3
1483,7
1484,0
1485,2
1486,3
1487,5
1488,-1
1489,10
1490,-44
1491,9
1492,3
1493,13
1494,4
1495,10
1496,-34
1497,8
1498,-9
1499,4
1500,9
1501,10
1502,8
1503,-7
1504,10
1505,12
1506,13
1507,-43
1508,-3
1509,7
1510,4
1511,-2
1512,-9
1513,-1
1514,6
1515,-4
1516,-17
1517,8
1518,-4
1519,10
1520,2
1521,-12
1522,0
1523,12
1524,4
1525,-20
1526,5
1527,-4
1528,12
1529,6
1530,3
1531,-9
1532,3
1533,7
1534,11
1535,-2
1536,10
1537,12
1538,1
1539,9
1540,6
1541,11
1542,-1
1543,9
1544,11
1545,-8
1546,-2
1547,-32
1548,11
1549,10
1550,8
1551,5
1552,-7
1553,9
1554,13
1555,3
1556,8
1557,4
1558,11
1559,6
1560,11
1561,5
1562,6
1563,6
1564,7
1565,-9
1566,9
1567,-1
1568,5
1569,8
1570,-16
1571,2
1572,10
1573,-4
1574,13
1575,-29
1576,9
1577,-4
1578,11
1579,5
1580,2
1581,8
1582,1
1583,6
1584,-13
1585,-5
1586,12
1587,5
1588,7
1589,0
1590,10
1591,-6
1592,7
1593,3
1594,-4
1595,0
1596,4
1597,-3
1598,10
1599,9
1600,7
1601,-9
1602,-8
1603,7
1604,8
1605,3
1606,0
1607,7
1608,12
1609,-7
1610,5
1611,8
1612,-23
1613,-4
1614,12
1615,-2
1616,-3
1617,3
1618,8
1619,-2
1620,7
1621,0
1622,9
1623,5
1624,9
1625,-6
1626,6
1627,-17
1628,-27
1629,-8
1630,5
1631,-6
1632,9
1633,-15
1634,7
1635,7
1636,-2
1637,3
1638,5
1639,-14
1640,-2
1641,2
1642,10
1643,-2
1644,-7
1645,-3
1646,11
1647,0
1648,7
1649,8
1650,8
1651,6
1652,-3
1653,7
1654,5
1655,7
1656,6
1657,8
1658,8
1659,3
1660,9
1661,0
1662,9
1663,3
1664,8
1665,6
1666,-1
1667,3
1668,8
1669,-12
1670,-12
1671,7
1672,-1
1673,8
1674,4
1675,3
1676,10
1677,4
1678,-3
1679,3
1680,-12
1681,10
1682,-5
1683,10
1684,-7
1685,-9
1686,-10
1687,2
1688,-6
1689,5
1690,-5
1691,-5
1692,5
1693,5
1694,9
1695,11
1696,6
1697,8
1698,5
1699,-2
1700,-16
1701,12
1702,-2
1703,2
1704,-3
1705,7
1706,-3
1707,-6
1708,-4
1709,7
1710,6
1711,2
1712,5
1713,-3
1714,9
1715,-7
1716,10
1717,12
1718,-12
1719,5
1720,6
1721,6
1722,-1
1723,9
1724,5
1725,-20
1726,-6
1727,6
1728,3
1729,11
1730,-4
1731,7
1732,0
1733,9
1734,6
1735,-7
1736,8
1737,7
1738,7
1739,9
1740,1
1741,3
1742,2
1743,-12
1744,0
1745,-15
1746,-6
1747,5
1748,8
1749,5
1750,6
1751,-12
1752,-1
1753,-6
1754,-2
1755,8
1756,10
1757,5
1758,-5
1759,-2
1760,9
1761,9
1762,3
1763,5
1764,9
1765,6
1766,6
1767,-2
1768,6
1769,9
1770,0
1771,9
1772,-18
1773,5
1774,3
1775,-6
1776,7
1777,9
1778,5
1779,-2
1780,-7
1781,7
1782,1
1783,6
1784,5
1785,5
1786,-14
1787,-12
1788,5
1789,5
1790,6
1791,14
1792,8
1793,-3
1794,-4
1795,5
1796,8
1797,-5
1798,-6
1799,-9
1800,5
1801,8
1802,-4
1803,-5
1804,9
1805,-5
1806,11
1807,-17
1808,-4
1809,5
1810,-20
1811,2
1812,5
1813,12
1814,2
1815,6
1816,6
1817,7
1818,4
1819,8
1820,-16
1821,-8
1822,3
1823,3
1824,6
1825,5
1826,5
1827,9
1828,1
1829,-16
1830,8
1831,-10
1832,6
1833,4
1834,-4
1835,8
1836,6
1837,5
1838,10
1839,6
1840,-20
1841,5
1842,6
1843,12
1844,5
1845,-5
1846,8
1847,-10
1848,5
1849,6
1850,3
1851,-29
1852,7
1853,9
1854,-25
1855,-3
1856,4
1857,10
1858,7
1859,10
1860,9
1861,-6
1862,4
1863,-15
1864,-3
1865,1
1866,8
1867,8
1868,9
1869,15
1870,7
1871,9
1872,5
1873,12
1874,11
1875,14
1876,-8
1877,5
1878,13
1879,-18
1880,-1
1881,-6
1882,2
1883,9
1884,-25
1885,-3
1886,13
1887,6
1888,-6
1889,10
1890,0
1891,-4
1892,9
1893,4
1894,5
1895,9
1896,5
1897,5
1898,0
1899,-6
1900,8
1901,5
1902,-17
1903,-2
1904,0
1905,9
1906,-2
1907,-7
1908,11
1909,7
1910,-1
1911,1
1912,11
1913,7
1914,7
1915,2
1916,-15
1917,-7
1918,12
1919,5
1920,-7
1921,10
1922,8
1923,8
1924,8
1925,3
1926,10
1927,-5
1928,8
1929,-3
1930,-4
1931,5
1932,3
1933,5
1934,8
1935,8
1936,-1
1937,8
1938,-16
1939,11
1940,-7
1941,11
1942,-4
1943,11
1944,6
1945,-16
1946,3
1947,8
1948,9
1949,6
1950,7
1951,7
1952,14
1953,10
1954,-2
1955,-5
1956,7
1957,7
1958,-4
1959,3
1960,8
1961,7
1962,5
1963,11
1964,-6
1965,-16
1966,5
1967,-34
1968,-4
1969,8
1970,3
1971,-15
1972,8
1973,0
1974,-8
1975,4
1976,-17
1977,8
1978,6
1979,8
1980,-3
1981,9
1982,11
1983,11
1984,-5
1985,12
1986,-2
1987,11
1988,9
1989,-8
1990,12
1991,11
1992,3
1993,6
1994,-1
1995,10
1996,-9
1997,12
1998,7
1999,1
2000,-4
2001,6
2002,9
2003,-4
2004,5
2005,6
2006,5
2007,9
2008,11
2009,7
2010,-2
2011,3
2012,-2
2013,2
2014,-3
2015,9
2016,-1
2017,5
2018,-8
2019,15
2020,-6
2021,5
2022,5
2023,5
2024,11
2025,-1
2026,4
2027,2
2028,9
2029,1
2030,-4
2031,6
2032,-2
2033,9
2034,5
2035,8
2036,-7
2037,7
2038,9
2039,9
2040,6
2041,11
2042,9
2043,-11
2044,7
2045,3
2046,7
2047,5
2048,6
2049,5
2050,12
2051,6
2052,7
2053,-2
2054,14
2055,7
2056,8
2057,8
2058,10
2059,-9
2060,12
2061,9
2062,-7
2063,-14
2064,4
2065,-21
2066,-1
2067,5
2068,1
2069,-4
2070,-1
2071,2
2072,6
2073,5
2074,-2
2075,-2
2076,-12
2077,9
2078,-7
2079,2
2080,12
2081,-39
2082,5
2083,9
2084,6
2085,-8
2086,6
2087,2
2088,6
2089,8
2090,10
2091,10
2092,-12
2093,9
2094,9
2095,8
2096,0
2097,10
2098,-15
2099,-5
2100,-6
2101,-9
2102,7
2103,-15
2104,5
2105,6
2106,3
2107,9
2108,5
2109,11
2110,-3
2111,-7
2112,11
2113,0
2114,-3
2115,8
2116,9
2117,4
2118,9
2119,10
2120,6
2121,-24
2122,13
2123,14
2124,11
2125,7
2126,-1
2127,2
2128,10
2129,6
2130,-3
2131,8
2132,-3
2133,-3
2134,6
2135,2
2136,-2
2137,6
2138,8
2139,7
2140,10
2141,11
2142,8
2143,-10
2144,4
2145,8
2146,4
2147,-8
2148,-6
2149,7
2150,3
2151,9
2152,6
2153,5
2154,10
2155,10
2156,10
2157,8
2158,2
2159,1
2160,9
2161,-2
2162,6
2163,-1
2164,1
2165,7
2166,3
2167,6
2168,13
2169,10
2170,13
2171,7
2172,-2
2173,-6
2174,11
2175,6
2176,-4
2177,8
2178,11
2179,9
2180,9
2181,0
2182,-7
2183,5
2184,14
2185,1
2186,-3
2187,6
2188,8
2189,7
2190,8
2191,9
2192,2
2193,8
2194,9
2195,7
2196,-1
2197,-5
2198,-2
2199,-3
2200,12
2201,10
2202,14
2203,8
2204,-6
2205,7
2206,5
2207,9
2208,8
2209,5
2210,7
2211,0
2212,8
2213,-2
2214,3
2215,-11
2216,-5
2217,10
2218,13
2219,9
2220,-1
2221,0
2222,10
2223,4
2224,7
2225,-8
2226,-4
2227,4
2228,3
2229,4
2230,-7
2231,-5
2232,6
2233,-6
2234,8
2235,7
2236,7
2237,3
2238,-11
2239,7
2240,6
2241,10
2242,10
2243,-2
2244,-5
2245,-3
2246,7
2247,-6
2248,-4
2249,7
2250,0
2251,13
2252,5
2253,0
2254,6
2255,6
2256,-2
2257,-8
2258,3
2259,10
2260,-4
2261,-10
2262,-2
2263,0
2264,7
2265,6
2266,2
2267,-12
2268,3
2269,12
2270,13
2271,8
2272,11
2273,-2
2274,-14
2275,-4
2276,10
2277,-5
2278,10
2279,8
2280,7
2281,-1
2282,6
2283,9
2284,8
2285,8
2286,5
2287,0
2288,5
2289,4
2290,10
2291,-4
2292,1
2293,6
2294,7
2295,2
2296,7
2297,10
2298,-5
2299,-1
2300,11
2301,-2
2302,7
2303,5
2304,9
2305,9
2306,4
2307,5
2308,8
2309,4
2310,7
2311,-7
2312,4
2313,7
2314,7
2315,-2
2316,11
2317,-15
2318,13
2319,2
2320,5
2321,7
2322,6
2323,7
2324,7
2325,5
2326,-3
2327,3
2328,-7
2329,-1
2330,7
2331,4
2332,-6
2333,-1
2334,8
2335,6
2336,-14
2337,9
2338,-9
2339,3
2340,10
2341,6
2342,9
2343,3
2344,3
2345,3
2346,-5
2347,-1
2348,3
2349,5
2350,9
2351,-4
2352,3
2353,1
2354,8
2355,5
2356,4
2357,6
2358,12
2359,-19
2360,10
2361,7
2362,7
2363,8
2364,11
2365,9
2366,7
2367,-2
2368,12
2369,7
2370,5
2371,6
2372,10
2373,9
2374,10
2375,-9
2376,-5
2377,5
2378,9
2379,7
2380,0
2381,13
2382,-1
2383,5
2384,7
2385,11
2386,-15
2387,9
2388,-6
2389,11
2390,6
2391,10
2392,-2
2393,-8
2394,5
2395,-4
2396,5
2397,-5
2398,-7
2399,4
2400,5
2401,5
2402,6
2403,1
2404,6
2405,10
2406,-1
2407,-3
2408,-23
2409,7
2410,3
2411,-24
2412,4
2413,3
2414,11
2415,4
2416,3
2417,1
2418,7
2419,5
2420,5
2421,11
2422,-2
2423,-1
2424,9
2425,-3
2426,-3
2427,-4
2428,5
2429,11
2430,-6
2431,13
2432,-5
2433,12
2434,-4
2435,1
2436,8
2437,13
2438,7
2439,-1
2440,4
2441,-16
2442,7
2443,4
2444,6
2445,5
2446,-5
2447,1
2448,5
2449,9
2450,8
2451,1
2452,7
2453,-11
2454,-10
2455,-8
2456,-5
2457,13
2458,2
2459,7
2460,11
2461,10
2462,6
2463,-1
2464,5
2465,8
2466,8
2467,4
2468,4
2469,2
2470,-1
2471,3
2472,-5
2473,6
2474,6
2475,6
2476,10
2477,9
2478,5
2479,5
2480,-1
2481,12
2482,6
2483,10
2484,10
2485,6
2486,14
2487,5
2488,6
2489,-11
2490,1
2491,7
2492,1
2493,9
2494,-17
2495,9
2496,3
2497,-5
2498,1
2499,6
2500,-4
2501,-13
2502,8
2503,-2
2504,14
2505,-10
2506,5
2507,9
2508,0
2509,4
2510,6
2511,-3
2512,5
2513,-17
2514,7
2515,4
2516,7
2517,12
2518,9
2519,-25
2520,11
2521,13
2522,-17
2523,11
2524,-24
2525,13
2526,9
2527,-7
2528,6
2529,-5
2530,8
2531,6
2532,-8
2533,11
2534,6
2535,5
2536,1
2537,11
2538,5
2539,8
2540,-9
2541,6
2542,-6
2543,12
2544,-2
2545,10
2546,-6
2547,8
2548,-7
2549,-1
2550,5
2551,3
2552,4
2553,7
2554,8
2555,9
2556,0
2557,10
2558,8
2559,3
2560,0
2561,10
2562,-6
2563,13
2564,4
2565,7
2566,7
2567,3
2568,-13
2569,8
2570,-9
2571,-7
2572,1
2573,-6
2574,3
2575,-7
2576,10
2577,-10
2578,1
2579,8
2580,-13
2581,10
2582,7
2583,-4
2584,-3
2585,0
2586,3
2587,9
2588,-16
2589,10
2590,-2
2591,2
2592,12
2593,-2
2594,5
2595,5
2596,-7
2597,4
2598,10
2599,12
2600,9
2601,0
2602,9
2603,14
2604,-4
2605,-7
2606,12
2607,12
2608,9
2609,2
2610,4
2611,5
2612,-5
2613,-7
2614,-7
2615,0
2616,4
2617,12
2618,12
2619,3
2620,6
2621,0
2622,10
2623,6
2624,8
2625,6
2626,1
2627,14
2628,0
2629,4
2630,9
2631,-1
2632,9
2633,4
2634,1
2635,11
2636,5
2637,7
2638,-7
2639,8
2640,3
2641,-5
2642,-4
2643,3
2644,-3
2645,10
2646,-1
2647,-5
2648,6
2649,9
2650,14
2651,8
2652,3
2653,8
2654,-14
2655,7
2656,3
2657,9
2658,8
2659,10
2660,6
2661,6
2662,8
2663,6
2664,-3
2665,-7
2666,7
2667,6
2668,-6
2669,6
2670,-5
2671,-6
2672,-5
2673,6
2674,12
2675,-5
2676,8
2677,-1
2678,-2
2679,8
2680,4
2681,7
2682,7
2683,14
2684,5
2685,-13
2686,-6
2687,0
2688,-8
2689,-18
2690,-16
2691,9
2692,-27
2693,14
2694,7
2695,15
2696,9
2697,-12
2698,5
2699,12
2700,7
2701,8
2702,8
2703,5
2704,10
2705,2
2706,9
2707,9
2708,4
2709,-5
2710,-5
2711,7
2712,-1
2713,-6
2714,-1
2715,-18
2716,2
2717,7
2718,4
2719,10
2720,-8
2721,11
2722,7
2723,2
2724,12
2725,6
2726,7
2727,2
2728,7
2729,-5
2730,5
2731,5
2732,9
2733,-5
2734,11
2735,7
2736,11
2737,4
2738,0
2739,3
2740,9
2741,1
2742,2
2743,2
2744,5
2745,10
2746,5
2747,-2
2748,3
2749,9
2750,10
2751,8
2752,-5
2753,-20
2754,0
2755,1
2756,-2
2757,5
2758,0
2759,8
2760,-6
2761,-2
2762,8
2763,6
2764,9
2765,10
2766,12
2767,10
2768,3
2769,2
2770,-5
2771,3
2772,6
2773,4
2774,7
2775,11
2776,3
2777,-17
2778,0
2779,-5
2780,7
2781,4
2782,10
2783,8
2784,6
2785,-4
2786,1
2787,1
2788,-7
2789,2
2790,-15
2791,6
2792,-3
2793,9
2794,9
2795,6
2796,6
2797,2
2798,-17
2799,7
2800,-2
2801,-6
2802,9
2803,0
2804,12
2805,3
2806,4
2807,-9
2808,-25
2809,6
2810,11
2811,-4
2812,3
2813,4
2814,9
2815,-5
2816,-4
2817,-2
2818,7
2819,8
2820,-4
2821,-5
2822,0
2823,-13
2824,4
2825,11
2826,9
2827,-16
2828,-12
2829,10
2830,-13
2831,-3
2832,6
2833,13
2834,2
2835,7
2836,11
2837,5
2838,-2
2839,14
2840,10
2841,13
2842,-5
2843,-7
2844,-24
2845,5
2846,8
2847,0
2848,-6
2849,-7
2850,8
2851,5
2852,4
2853,6
2854,11
2855,-7
2856,0
2857,-16
2858,4
2859,11
2860,5
2861,-5
2862,3
2863,12
2864,6
2865,9
2866,4
2867,7
2868,10
2869,11
2870,-7
2871,7
2872,7
2873,14
2874,-7
2875,9
2876,-2
2877,5
2878,3
2879,6
2880,3
2881,-2
2882,12
2883,8
2884,8
2885,9
2886,-2
2887,-8
2888,-23
2889,9
2890,8
2891,-16
2892,-7
2893,11
2894,-23
2895,12
2896,6
2897,9
2898,10
2899,4
2900,-8
2901,10
2902,-1
2903,2
2904,13
2905,-6
2906,4
2907,1
2908,7
2909,12
2910,2
2911,-5
2912,10
2913,10
2914,-23
2915,-3
2916,-4
2917,4
2918,-3
2919,11
2920,6
2921,11
2922,-5
2923,9
2924,8
2925,-2
2926,11
2927,10
2928,7
2929,8
2930,8
2931,8
2932,5
2933,-2
2934,-32
2935,-3
2936,-5
2937,-2
2938,-3
2939,4
2940,-14
2941,7
2942,-11
2943,11
2944,-12
2945,-24
2946,13
2947,3
2948,8
2949,-6
2950,10
2951,5
2952,-6
2953,-22
2954,-3
2955,8
2956,4
2957,-39
2958,-15
2959,10
2960,2
2961,-3
2962,3
2963,-6
2964,-2
2965,10
2966,2
2967,6
2968,8
2969,10
2970,5
2971,10
2972,6
2973,8
2974,-2
2975,6
2976,8
2977,6
2978,-2
2979,-26
2980,10
2981,6
2982,13
2983,8
2984,3
2985,1
2986,7
2987,-29
2988,7
2989,7
2990,8
2991,9
2992,3
2993,-11
2994,12
2995,11
2996,4
2997,-4
2998,6
2999,12
3000,-1
3001,7
3002,-6
3003,4
3004,7
3005,4
3006,8
3007,-3
3008,-9
3009,11
3010,4
3011,-4
3012,10
3013,8
3014,4
3015,12
3016,-1
3017,9
3018,-5
3019,-12
3020,6
3021,-3
3022,-5
3023,1
3024,6
3025,10
3026,7
3027,5
3028,8
3029,-6
3030,-14
3031,4
3032,-1
3033,3
3034,3
3035,6
3036,-5
3037,-35
3038,10
3039,7
3040,-12
3041,9
3042,2
3043,-4
3044,-15
3045,-1
3046,7
3047,8
3048,0
3049,9
3050,6
3051,9
3052,10
3053,7
3054,7
3055,-6
3056,-3
3057,0
3058,0
3059,3
3060,9
3061,8
3062,2
3063,-4
3064,5
3065,8
3066,-7
3067,-4
3068,6
3069,8
3070,-8
3071,11
3072,5
3073,3
3074,4
3075,7
3076,-9
3077,7
3078,9
3079,6
3080,-6
3081,-1
3082,-2
3083,2
3084,-4
3085,-4
3086,5
3087,7
3088,7
3089,-16
3090,5
3091,7
3092,-7
3093,5
3094,-4
3095,11
3096,8
3097,9
3098,11
3099,-3
3100,5
3101,6
3102,-15
3103,11
3104,5
3105,11
3106,12
3107,-21
3108,6
3109,7
3110,-12
3111,11
3112,-18
3113,7
3114,13
3115,6
3116,7
3117,9
3118,7
3119,12
3120,-28
3121,9
3122,3
3123,3
3124,10
3125,1
3126,-1
3127,0
3128,5
3129,8
3130,1
3131,-19
3132,-10
3133,-6
3134,-4
3135,-6
3136,-10
3137,3
3138,8
3139,-3
3140,-1
3141,9
3142,6
3143,13
3144,5
3145,8
3146,3
3147,-2
3148,7
3149,6
3150,9
3151,-21
3152,10
3153,10
3154,13
3155,6
3156,6
3157,8
3158,13
3159,9
3160,7
3161,9
3162,5
3163,4
3164,10
3165,-2
3166,12
3167,13
3168,-1
3169,7
3170,-8
3171,-7
3172,10
3173,7
3174,4
3175,-14
3176,8
3177,0
3178,9
3179,4
3180,-5
3181,-19
3182,-5
3183,-1
3184,7
3185,-10
3186,6
3187,6
3188,8
3189,3
3190,1
3191,9
3192,13
3193,10
3194,-7
3195,1
3196,-15
3197,7
3198,6
3199,-13
3200,10
3201,-13
3202,8
3203,-2
3204,-4
3205,4
3206,3
3207,5
3208,5
3209,-2
3210,7
3211,-13
3212,-3
3213,5
3214,-25
3215,8
3216,-7
3217,-12
3218,8
3219,-1
3220,4
3221,-5
3222,9
3223,-4
3224,-6
3225,-13
3226,7
3227,7
3228,8
3229,4
3230,-2
3231,2
3232,5
3233,-2
3234,-3
3235,-15
3236,-2
3237,-14
3238,0
3239,4
3240,-16
3241,-7
3242,7
3243,7
3244,6
3245,3
3246,-4
3247,5
3248,1
3249,3
3250,-3
3251,-7
3252,-7
3253,7
3254,-2
3255,-14
3256,-14
3257,7
3258,10
3259,-1
3260,11
3261,6
3262,6
3263,11
3264,-7
3265,11
3266,-16
3267,8
3268,-3
3269,3
3270,15
3271,7
3272,1
3273,6
3274,-2
3275,5
3276,14
3277,-3
3278,6
3279,10
3280,-6
3281,-3
3282,12
3283,-3
3284,-14
3285,11
3286,0
3287,-5
3288,-4
3289,4
3290,5
3291,-10
3292,7
3293,7
3294,-4
3295,7
3296,-16
3297,1
3298,7
3299,3
3300,6
3301,7
3302,5
3303,-2
3304,-5
3305,-13
3306,-14
3307,11
3308,9
3309,5
3310,5
3311,9
3312,-2
3313,-4
3314,-8
3315,3
3316,2
3317,9
3318,-19
3319,4
3320,-1
3321,-6
3322,7
3323,1
3324,7
3325,4
3326,12
3327,5
3328,-14
3329,15
3330,12
3331,3
3332,7
3333,6
3334,-17
3335,-6
3336,-1
3337,2
3338,6
3339,8
3340,0
3341,6
3342,0
3343,10
3344,0
3345,9
3346,-4
3347,-19
3348,9
3349,2
3350,-4
3351,3
3352,5
3353,-3
3354,8
3355,0
3356,11
3357,6
3358,8
3359,6
3360,-7
3361,9
3362,8
3363,4
3364,-10
3365,8
3366,9
3367,11
3368,-4
3369,3
3370,-32
3371,6
3372,-4
3373,-17
3374,8
3375,9
3376,3
3377,5
3378,-6
3379,-2
3380,-2
3381,-5
3382,9
3383,-5
3384,4
3385,13
3386,3
3387,11
3388,-1
3389,5
3390,7
3391,-5
3392,7
3393,3
3394,8
3395,7
3396,-6
3397,-15
3398,-5
3399,10
3400,1
3401,-5
3402,6
3403,11
3404,-2
3405,7
3406,8
3407,5
3408,-30
3409,12
3410,-4
3411,7
3412,7
3413,-8
3414,4
3415,-8
3416,5
3417,3
3418,4
3419,13
3420,11
3421,-2
3422,-23
3423,6
3424,8
3425,-7
3426,-1
3427,9
3428,-3
3429,-10
3430,4
3431,5
3432,-6
3433,-3
3434,5
3435,-13
3436,8
3437,10
3438,-12
3439,3
3440,1
3441,9
3442,5
3443,12
3444,3
3445,5
3446,2
3447,-10
3448,4
3449,9
3450,7
3451,9
3452,-4
3453,11
3454,-1
3455,10
3456,2
3457,12
3458,8
3459,5
3460,9
3461,7
3462,6
3463,5
3464,9
3465,-7
3466,-7
3467,8
3468,7
3469,9
3470,10
3471,3
3472,1
3473,9
3474,7
3475,8
3476,-24
3477,7
3478,5
3479,5
3480,-6
3481,5
3482,8
3483,-5
3484,-5
3485,11
3486,12
3487,-7
3488,8
3489,1
3490,9
3491,8
3492,6
3493,12
3494,-3
3495,10
3496,7
3497,-19
3498,8
3499,5
3500,6
3501,-12
3502,8
3503,4
3504,7
3505,5
3506,-1
3507,-4
3508,7
3509,7
3510,10
3511,7
3512,3
3513,7
3514,-5
3515,-16
3516,8
3517,-5
3518,1
3519,-20
3520,-11
3521,2
3522,7
3523,8
3524,8
3525,11
3526,-28
3527,-1
3528,7
3529,2
3530,-3
3531,-1
3532,5
3533,15
3534,4
3535,-6
3536,10
3537,2
3538,-4
3539,2
3540,10
3541,4
3542,-3
3543,7
3544,9
3545,11
3546,7
3547,6
3548,5
3549,12
3550,-14
3551,6
3552,12
3553,-33
3554,11
3555,8
3556,12
3557,-1
3558,7
3559,-18
3560,7
3561,4
3562,-8
3563,4
3564,9
3565,-6
3566,2
3567,0
3568,1
3569,-6
3570,5
3571,11
3572,4
3573,-4
3574,1
3575,8
3576,-5
3577,-1
3578,5
3579,9
3580,-3
3581,2
3582,-1
3583,-5
3584,-2
3585,12
3586,7
3587,-11
3588,-14
3589,-5
3590,-20
3591,5
3592,3
3593,-9
3594,7
3595,-1
3596,6
3597,-21
3598,-7
3599,6
3600,9
3601,7
3602,1
3603,5
3604,9
3605,-4
3606,-4
3607,1
3608,3
3609,-4
3610,-12
3611,8
3612,6
3613,4
3614,-4
3615,1
3616,-6
3617,9
3618,6
3619,12
3620,5
3621,-3
3622,12
3623,-6
3624,3
3625,-5
3626,8
3627,-4
3628,8
3629,5
3630,-2
3631,9
3632,8
3633,7
3634,13
3635,8
3636,6
3637,11
3638,-18
3639,-25
3640,8
3641,10
3642,-17
3643,4
3644,8
3645,5
3646,4
3647,8
3648,6
3649,6
3650,2
3651,-1
3652,6
3653,9
3654,8
3655,11
3656,-3
3657,11
3658,4
3659,10
3660,4
3661,6
3662,3
3663,7
3664,-15
3665,7
3666,5
3667,2
3668,6
3669,6
3670,10
3671,9
3672,-5
3673,-1
3674,5
3675,11
3676,6
3677,-17
3678,8
3679,8
3680,7
3681,-3
3682,8
3683,-3
3684,-10
3685,9
3686,-21
3687,-9
3688,6
3689,-4
3690,7
3691,-4
3692,11
3693,-4
3694,2
3695,5
3696,-4
3697,-3
3698,-1
3699,-5
3700,11
3701,9
3702,7
3703,6
3704,9
3705,-17
3706,4
3707,7
3708,8
3709,7
3710,11
3711,15
3712,5
3713,-7
3714,-1
3715,2
3716,11
3717,4
3718,7
3719,11
3720,-6
3721,9
3722,-4
3723,10
3724,-3
3725,11
3726,11
3727,6
3728,9
3729,-9
3730,7
3731,3
3732,8
3733,-4
3734,8
3735,-1
3736,15
3737,-8
3738,-1
3739,4
3740,7
3741,-1
3742,-2
3743,7
3744,8
3745,5
3746,2
3747,6
3748,11
3749,8
3750,6
3751,10
3752,-6
3753,9
3754,7
3755,-2
3756,7
3757,5
3758,-19
3759,12
3760,-23
3761,5
3762,-4
3763,-3
3764,9
3765,13
3766,13
3767,5
3768,6
3769,6
3770,-7
3771,-1
3772,-16
3773,11
3774,11
3775,-9
3776,-9
3777,14
3778,6
3779,5
3780,-15
3781,-2
3782,-6
3783,13
3784,8
3785,4
3786,3
3787,5
3788,4
3789,8
3790,10
3791,6
3792,-3
3793,9
3794,-5
3795,-6
3796,5
3797,12
3798,-3
3799,3
3800,-5
3801,-5
3802,10
3803,7
3804,7
3805,-3
3806,-12
3807,11
3808,-13
3809,10
3810,-1
3811,-7
3812,-5
3813,-27
3814,3
3815,10
3816,9
3817,10
3818,7
3819,9
3820,-5
3821,-7
3822,-4
3823,-6
3824,-3
3825,-6
3826,-2
3827,10
3828,3
3829,4
3830,-5
3831,7
3832,7
3833,3
3834,-25
3835,-5
3836,7
3837,7
3838,-6
3839,10
3840,-22
3841,3
3842,-2
3843,6
3844,-4
3845,-8
3846,-4
3847,8
3848,-2
3849,6
3850,10
3851,9
3852,7
3853,6
3854,-13
3855,7
3856,12
3857,7
3858,8
3859,3
3860,5
3861,7
3862,-7
3863,6
3864,-8
3865,5
3866,5
3867,9
3868,10
3869,-13
3870,0
3871,4
3872,-15
3873,10
3874,5
3875,10
3876,-6
3877,6
3878,4
3879,10
3880,4
3881,7
3882,10
3883,-6
3884,6
3885,12
3886,-3
3887,8
3888,6
3889,-3
3890,6
3891,7
3892,2
3893,6
3894,10
3895,10
3896,2
3897,-5
3898,-4
3899,7
3900,-4
3901,5
3902,-4
3903,1
3904,11
3905,-3
3906,5
3907,6
3908,11
3909,12
3910,10
3911,4
3912,9
3913,-12
3914,10
3915,12
3916,10
3917,7
3918,10
3919,-17
3920,1
3921,5
3922,1
3923,0
3924,-15
3925,-4
3926,9
3927,-6
3928,-16
3929,7
3930,-15
3931,-10
3932,8
3933,-1
3934,-6
3935,-7
3936,8
3937,8
3938,4
3939,1
3940,4
3941,-12
3942,-6
3943,-3
3944,-2
3945,6
3946,8
3947,7
3948,15
3949,-18
3950,3
3951,6
3952,13
3953,-1
3954,-8
3955,-4
3956,5
3957,6
3958,11
3959,9
3960,13
3961,5
3962,-3
3963,12
3964,11
3965,10
3966,11
3967,5
3968,-8
3969,-3
3970,-2
3971,6
3972,-27
3973,-6
3974,0
3975,2
3976,7
3977,1
3978,0
3979,10
3980,7
3981,6
3982,-24
3983,8
3984,6
3985,7
3986,6
3987,7
3988,8
3989,-4
3990,-16
3991,-13
3992,12
3993,8
3994,1
3995,10
3996,6
3997,9
3998,-13
3999,11
4000,-1
4001,6
4002,7
4003,-6
4004,1
4005,11
4006,7
4007,5
4008,7
4009,-22
4010,13
4011,15
4012,12
4013,6
4014,-1
4015,6
4016,-1
4017,5
4018,7
4019,10
4020,8
4021,11
4022,-5
4023,5
4024,8
4025,2
4026,9
4027,8
4028,2
4029,4
4030,9
4031,7
4032,6
4033,6
4034,-1
4035,12
4036,8
4037,-8
4038,8
4039,3
4040,10
4041,12
4042,8
4043,5
4044,2
4045,-7
4046,9
4047,-6
4048,6
4049,8
4050,-16
4051,12
4052,9
4053,4
4054,-1
4055,7
4056,6
4057,9
4058,9
4059,1
4060,-14
4061,0
4062,-2
4063,-2
4064,9
4065,9
4066,-11
4067,6
4068,-3
4069,-6
4070,6
4071,8
4072,5
4073,-3
4074,-13
4075,2
4076,6
4077,8
4078,6
4079,3
4080,12
4081,-2
4082,-2
4083,13
4084,-24
4085,10
4086,-5
4087,6
4088,-2
4089,8
4090,-2
4091,-7
4092,7
4093,-28
4094,7
4095,5
4096,12
4097,12
4098,5
4099,10
4100,-5
4101,4
4102,7
4103,2
4104,-9
4105,7
4106,-7
4107,13
4108,14
4109,6
4110,5
4111,10
4112,-8
4113,7
4114,7
4115,8
4116,-7
4117,3
4118,-26
4119,13
4120,6
4121,3
4122,6
4123,3
4124,9
4125,11
4126,-6
4127,15
4128,-3
4129,4
4130,-4
4131,6
4132,1
4133,-28
4134,-12
4135,3
4136,-4
4137,13
4138,5
4139,-2
4140,5
4141,9
4142,-6
4143,10
4144,5
4145,10
4146,8
4147,11
4148,-15
4149,7
4150,4
4151,-3
4152,3
4153,0
4154,-18
4155,11
4156,-10
4157,9
4158,-7
4159,0
4160,11
4161,8
4162,8
4163,-3
4164,5
4165,2
4166,11
4167,10
4168,5
4169,4
4170,-14
4171,9
4172,-7
4173,6
4174,5
4175,-5
4176,10
4177,5
4178,-17
4179,6
4180,-7
4181,5
4182,6
4183,5
4184,7
4185,8
4186,12
4187,8
4188,4
4189,10
4190,11
4191,-4
4192,-23
4193,2
4194,-2
4195,6
4196,9
4197,-7
4198,5
4199,15
4200,11
4201,5
4202,6
4203,-6
4204,-7
4205,8
4206,10
4207,2
4208,7
4209,3
4210,9
4211,-4
4212,-9
4213,10
4214,6
4215,3
4216,-6
4217,8
4218,10
4219,8
4220,6
4221,8
4222,6
4223,-23
4224,9
4225,-15
4226,8
4227,10
4228,8
4229,-30
4230,7
4231,-3
4232,-3
4233,8
4234,7
4235,8
4236,5
4237,7
4238,-5
4239,-2
4240,-5
4241,9
4242,6
4243,-4
4244,0
4245,-4
4246,15
4247,7
4248,9
4249,-11
4250,-4
4251,-19
4252,-13
4253,10
4254,5
4255,-1
4256,0
4257,5
4258,-15
4259,-4
4260,-14
4261,12
4262,4
4263,5
4264,9
4265,-14
4266,7
4267,11
4268,-7
4269,9
4270,4
4271,6
4272,6
4273,10
4274,6
4275,7
4276,-2
4277,-4
4278,10
4279,-5
4280,1
4281,0
4282,12
4283,5
4284,-4
4285,2
4286,7
4287,4
4288,0
4289,-7
4290,7
4291,-3
4292,-12
4293,-3
4294,-15
4295,4
4296,2
4297,-1
4298,7
4299,0
4300,7
4301,-4
4302,7
4303,12
4304,8
4305,5
4306,8
4307,-6
4308,-12
4309,1
4310,8
4311,-14
4312,5
4313,-4
4314,2
4315,-3
4316,10
4317,8
4318,5
4319,10
4320,3
4321,10
4322,12
4323,2
4324,3
4325,-7
4326,-5
4327,10
4328,5
4329,2
4330,1
4331,-8
4332,11
4333,10
4334,-12
4335,5
4336,10
4337,3
4338,5
4339,10
4340,5
4341,7
4342,8
4343,10
4344,9
4345,14
4346,3
4347,-10
4348,-6
4349,-14
4350,11
4351,9
4352,-8
4353,6
4354,5
4355,4
4356,4
4357,9
4358,4
4359,7
4360,9
4361,6
4362,-5
4363,8
4364,5
4365,14
4366,4
4367,5
4368,7
4369,9
4370,7
4371,-23
4372,10
4373,12
4374,4
4375,14
4376,2
4377,-19
4378,6
4379,0
4380,0
4381,1
4382,6
4383,-5
4384,-13
4385,-14
4386,11
4387,0
4388,8
4389,-6
4390,7
4391,7
4392,-5
4393,3
4394,-8
4395,-1
4396,-4
4397,8
4398,-3
4399,7
4400,7
4401,10
4402,-16
4403,12
4404,8
4405,-14
4406,10
4407,9
4408,9
4409,-6
4410,12
4411,8
4412,1
4413,-19
4414,8
4415,-13
4416,6
4417,9
4418,5
4419,7
4420,0
4421,-5
4422,4
4423,6
4424,10
4425,-1
4426,-16
4427,13
4428,8
4429,4
4430,-3
4431,-2
4432,-15
4433,10
4434,5
4435,9
4436,-6
4437,2
4438,6
4439,10
4440,3
4441,-2
4442,-1
4443,-3
4444,8
4445,7
4446,8
4447,4
4448,-2
4449,-1
4450,-5
4451,-7
4452,-1
4453,8
4454,3
4455,6
4456,-7
4457,-4
4458,11
4459,6
4460,7
4461,10
4462,6
4463,7
4464,-13
4465,-15
4466,-2
4467,7
4468,5
4469,11
4470,-15
4471,7
4472,4
4473,7
4474,8
4475,-2
4476,8
4477,5
4478,-6
4479,10
4480,7
4481,3
4482,11
4483,-23
4484,1
4485,5
4486,-6
4487,3
4488,14
4489,5
4490,9
4491,8
4492,-6
4493,5
4494,9
4495,3
4496,-3
4497,-1
4498,6
4499,-4
4500,0
4501,11
4502,0
4503,8
4504,5
4505,5
4506,3
4507,-5
4508,-11
4509,7
4510,7
4511,8
4512,6
4513,2
4514,7
4515,6
4516,10
4517,12
4518,4
4519,4
4520,-12
4521,9
4522,5
4523,1
4524,-7
4525,9
4526,-5
4527,2
4528,4
4529,0
4530,2
4531,2
4532,1
4533,-4
4534,7
4535,-11
4536,6
4537,8
4538,-5
4539,11
4540,-3
4541,0
4542,7
4543,11
4544,6
4545,5
4546,2
4547,12
4548,11
4549,9
4550,9
4551,5
4552,9
4553,-6
4554,-16
4555,-6
4556,8
4557,8
4558,-5
4559,11
4560,-8
4561,11
4562,12
4563,6
4564,10
4565,-6
4566,-4
4567,-5
4568,12
4569,9
4570,9
4571,13
4572,-2
4573,-1
4574,1
4575,-1
4576,8
4577,14
4578,7
4579,1
4580,9
4581,10
4582,11
4583,5
4584,5
4585,11
4586,11
4587,7
4588,8
4589,-5
4590,11
4591,-5
4592,6
4593,6
4594,0
4595,-1
4596,4
4597,-6
4598,-9
4599,5
4600,5
4601,-1
4602,1
4603,-2
4604,-4
4605,1
4606,10
4607,-3
4608,11
4609,6
4610,8
4611,-1
4612,1
4613,12
4614,2
4615,8
4616,9
4617,8
4618,-7
4619,6
4620,-2
4621,11
4622,4
4623,9
4624,-1
4625,-3
4626,10
4627,11
4628,4
4629,10
4630,3
4631,-4
4632,8
4633,8
4634,11
4635,12
4636,6
4637,8
4638,5
4639,2
4640,-4
4641,-14
4642,8
4643,3
4644,10
4645,7
4646,-5
4647,-7
4648,5
4649,4
4650,7
4651,-1
4652,-7
4653,6
4654,11
4655,12
4656,-2
4657,6
4658,-1
4659,8
4660,8
4661,-6
4662,-15
4663,4
4664,3
4665,9
4666,1
4667,5
4668,6
4669,6
4670,5
4671,-3
4672,1
4673,10
4674,4
4675,-3
4676,7
4677,4
4678,-1
4679,10
4680,-16
4681,-17
4682,0
4683,4
4684,14
4685,8
4686,10
4687,-29
4688,7
4689,7
4690,8
4691,-13
4692,1
4693,5
4694,10
4695,10
4696,8
4697,6
4698,7
4699,-4
4700,-8
4701,11
4702,6
4703,5
4704,-4
4705,-14
4706,10
4707,4
4708,7
4709,5
4710,5
4711,-8
4712,-2
4713,-5
4714,-8
4715,-2
4716,10
4717,-1
4718,4
4719,-15
4720,10
4721,8
4722,-4
4723,-10
4724,5
4725,1
4726,14
4727,3
4728,-10
4729,6
4730,-5
4731,-3
4732,0
4733,8
4734,7
4735,-6
4736,1
4737,-5
4738,5
4739,4
4740,-3
4741,7
4742,10
4743,1
4744,2
4745,7
4746,10
4747,-1
4748,7
4749,-19
4750,7
4751,6
4752,8
4753,8
4754,13
4755,-15
4756,-6
4757,4
4758,6
4759,9
4760,4
4761,13
4762,-6
4763,-2
4764,8
4765,0
4766,-13
4767,-4
4768,5
4769,-10
4770,11
4771,3
4772,2
4773,9
4774,-13
4775,5
4776,-5
4777,7
4778,1
4779,8
4780,5
4781,4
4782,-13
4783,3
4784,9
4785,7
4786,8
4787,4
4788,6
4789,-14
4790,7
4791,4
4792,12
4793,3
4794,4
4795,-23
4796,7
4797,1
4798,12
4799,-2
4800,4
4801,9
4802,9
4803,-1
4804,5
4805,-8
4806,-2
4807,7
4808,2
4809,7
4810,8
4811,7
4812,0
4813,-5
4814,5
4815,10
4816,5
4817,-4
4818,5
4819,-4
4820,6
4821,6
4822,9
4823,10
4824,11
4825,-1
4826,11
4827,6
4828,11
4829,12
4830,-4
4831,11
4832,4
4833,-1
4834,-5
4835,9
4836,-5
4837,6
4838,-4
4839,7
4840,-19
4841,7
4842,4
4843,7
4844,7
4845,-3
4846,1
4847,6
4848,5
4849,7
4850,0
4851,3
4852,-2
4853,10
4854,1
4855,4
4856,7
4857,-6
4858,13
4859,3
4860,6
4861,3
4862,-3
4863,5
4864,-5
4865,12
4866,8
4867,13
4868,8
4869,-2
4870,4
4871,-5
4872,10
4873,-8
4874,9
4875,4
4876,6
4877,0
4878,-3
4879,5
4880,4
4881,12
4882,8
4883,9
4884,11
4885,13
4886,14
4887,-7
4888,4
4889,-9
4890,5
4891,7
4892,-3
4893,2
4894,-15
4895,-6
4896,13
4897,-18
4898,2
4899,7
4900,2
4901,0
4902,7
4903,12
4904,-7
4905,-1
4906,1
4907,7
4908,5
4909,-6
4910,6
4911,-4
4912,4
4913,10
4914,-3
4915,11
4916,8
4917,5
4918,9
4919,9
4920,5
4921,-6
4922,7
4923,4
4924,14
4925,3
4926,4
4927,9
4928,7
4929,2
4930,10
4931,11
4932,-8
4933,-2
4934,13
4935,7
4936,-6
4937,12
4938,7
4939,8
4940,-6
4941,-3
4942,9
4943,-7
4944,7
4945,-3
4946,8
4947,12
4948,9
4949,4
4950,7
4951,4
4952,4
4953,5
4954,6
4955,-1
4956,-4
4957,-1
4958,-9
4959,-3
4960,11
4961,2
4962,-15
4963,-3
4964,4
4965,-8
4966,-1
4967,8
4968,6
4969,5
4970,4
4971,12
4972,9
4973,-6
4974,6
4975,-4
4976,-7
4977,1
4978,11
4979,-13
4980,4
4981,12
4982,7
4983,11
4984,0
4985,-9
4986,6
4987,11
4988,5
4989,0
4990,5
4991,-3
4992,10
4993,10
4994,-6
4995,-5
4996,7
4997,7
4998,-6
4999,5
