0.000000000000000000e+00,0.000000000000000000e+00,0.000000000000000000e+00,0.000000000000000000e+00,0.000000000000000000e+00,0.000000000000000000e+00
2.752002213202243475e+00,3.949476922046915917e+00,2.752003414138533444e+00,3.949477561174759899e+00,5.209976388984365769e+00,-5.050522434663566429e+00
7.933491677287277000e+00,9.403675436457799464e+00,7.933491833122545245e+00,9.403675624631773644e+00,1.095123749999999063e+01,4.036730975651838249e-01
3.949477565285444136e+00,5.209970973831043572e+00,3.949477317742760896e+00,5.209976388683345228e+00,6.536817251562490938e+00,-3.790025556016166419e+00
-5.642861142926123286e+00,-7.139566564875448051e+00,-3.275198986033470483e+00,-8.204884391650583808e+00,-1.153606543541159013e+01,-1.390167556565644702e+01
0.000000000000000000e+00,0.000000000000000000e+00,0.000000000000000000e+00,0.000000000000000000e+00,0.000000000000000000e+00,0.000000000000000000e+00
-3.275189081630130339e+00,-5.671389443748603654e+00,-8.600380501280511680e+00,-8.871664740524879633e+00,-1.326734012395342610e+01,-1.480401350880686628e+01
-7.071248661999096186e+00,-4.339851412642832251e+00,-4.930489396010606651e-01,-7.142013591204818823e+00,-1.489148101184019879e+01,-1.253686937275819346e+01
5.209710749510348293e+00,1.581916141472914372e+00,-3.699374856553149016e+00,1.644336244722354401e+00,-1.123020514037285267e+01,-7.495062962492021974e+00
5.336833311756891129e-01,-2.202449297810752160e+00,-1.663874925831043683e+00,-4.252808579361374797e+00,-9.589069976485479430e+00,-1.100611526683260877e+01
0.000000000000000000e+00,0.000000000000000000e+00,0.000000000000000000e+00,0.000000000000000000e+00,0.000000000000000000e+00,0.000000000000000000e+00
1.614403445439529072e+00,-3.135803127419376057e+00,-1.465855786047542964e+00,7.298472826049406947e-02,-9.401082428584061290e+00,-9.797958578487829584e+00
-1.468352932112277687e+00,-2.928534148975815654e+00,-2.900500056651664327e+00,-4.544068655312700322e+00,-1.148265350397944395e+01,-1.142569089020705242e+01
-3.334142743856675306e+00,-3.697928172627006127e+00,5.243967215815958927e-01,-6.885501037651472700e+00,-1.096538080566406315e+01,-1.119857528808593727e+01
-1.468350840774866883e+00,-8.226365103546028124e+00,-5.124458775608301764e+00,-3.942461922337176183e+00,-1.374244912055030277e+01,-1.230775111397985988e+01
0.000000000000000000e+00,0.000000000000000000e+00,0.000000000000000000e+00,0.000000000000000000e+00,0.000000000000000000e+00,0.000000000000000000e+00
1.609999999999999432e+01,1.800000000000000000e+01,1.609999999999999432e+01,1.800000000000000000e+01,9.000000000000000000e+00,2.000000000000000000e+01
6.536817251562490938e+00,5.209976388720640728e+00,3.949475299623921742e+00,5.209976320414707374e+00,-3.790025497869193405e+00,3.949469985281973461e+00
1.258024999999999238e+01,1.095123533560804319e+01,9.403674580155655605e+00,1.095123664325537405e+01,1.951236238662994893e+00,9.403675439167079375e+00
7.933445056147044205e+00,6.536651153147609250e+00,7.933491843749990835e+00,6.536817246362772948e+00,-2.463182755844151473e+00,5.209976388966405025e+00
0.000000000000000000e+00,0.000000000000000000e+00,0.000000000000000000e+00,0.000000000000000000e+00,0.000000000000000000e+00,0.000000000000000000e+00
1.614402556759170881e+00,2.751867798176938607e+00,2.751995564115456094e+00,3.949477569535146948e+00,-6.247996312302644739e+00,-6.248053106099840548e+00
5.896698043561686475e+00,7.199794514674421109e+00,6.443417746583602224e+00,9.403675624999991101e+00,-2.458008846780660228e+00,-3.518149521754296405e+00
2.419171767304951981e+00,3.724581748694672623e+00,3.804867576653828465e+00,5.209976388984365769e+00,-5.239985119276107994e+00,-5.943062782448595982e+00
-2.394933255011665985e+00,-4.111332176798668137e+00,-7.831428563808620069e+00,-4.373228001441654911e+00,-1.383547319825684774e+01,-1.243966508953782402e+01
0.000000000000000000e+00,0.000000000000000000e+00,0.000000000000000000e+00,0.000000000000000000e+00,0.000000000000000000e+00,0.000000000000000000e+00
-2.394956712804940047e+00,-8.426064226670085588e+00,-8.406857966564356133e+00,-5.236404475085384647e+00,-1.619928519320534832e+01,-1.281806183575810820e+01
5.336833157754072854e-01,-6.645124681033237835e+00,-2.048266778175467095e+00,-6.829735471643690659e+00,-9.621994595909406200e+00,-1.136323728004700229e+01
3.948322189497040391e+00,-5.446139138460390328e+00,-5.453507778971955489e+00,-5.337812058919789493e+00,-9.584422020893498484e+00,-1.184056544666110611e+01
-4.052748040182478917e+00,-3.000917321587778019e+00,-7.611274891778441187e+00,-4.930008660528620856e-01,-1.298482521657873612e+01,-1.277268306373612639e+01
0.000000000000000000e+00,0.000000000000000000e+00,0.000000000000000000e+00,0.000000000000000000e+00,0.000000000000000000e+00,0.000000000000000000e+00
-6.859541585519673745e+00,-6.926719123207012885e+00,-3.791634073960673312e+00,5.334851006499566894e-01,-1.472233121677075118e+01,-1.354690207804323876e+01
-4.933980537872873495e-01,-7.220659933472922454e+00,-7.200599417988684081e+00,-4.764260817138675108e+00,-1.108192099433819777e+01,-9.059352377011109070e+00
1.614402257944456798e+00,-1.342462239461637896e+00,-6.425248195250109262e+00,-6.662711722619238941e+00,-9.135557333027456650e+00,-8.925744358361681563e+00
-4.930457574826030420e-01,-7.946246395617989400e+00,-4.711643101107915399e+00,-3.092721159549924437e+00,-1.207102518971446159e+01,-1.096327940310938232e+01
0.000000000000000000e+00,0.000000000000000000e+00,0.000000000000000000e+00,0.000000000000000000e+00,0.000000000000000000e+00,0.000000000000000000e+00
1.333984374999999467e+01,1.603494986395304878e+01,1.608864315748213869e+01,1.800000000000000000e+01,6.998964414351433128e+00,6.343749999999998224e+00
2.279629236974711759e+00,1.373224323369321986e-01,-3.654053700378417702e+00,5.209976357387517076e+00,-5.118960518668700388e+00,-6.175357818543714572e+00
1.095123749986755968e+01,7.559186748877774420e+00,6.253047678981193513e+00,7.490008155517571709e+00,-1.690036605552743598e+00,-2.300272920296493773e+00
9.403675624999991101e+00,7.933491799164984926e+00,7.933491840641281101e+00,6.536817229893566505e+00,-1.066508199831130765e+00,-1.066508157909854759e+00
0.000000000000000000e+00,0.000000000000000000e+00,0.000000000000000000e+00,0.000000000000000000e+00,0.000000000000000000e+00,0.000000000000000000e+00
-1.468352294299662741e+00,-3.686386518169654014e+00,-5.526987530073400379e+00,-4.851763856090685501e+00,-1.646124059580584031e+01,-1.332355898611999123e+01
2.752003691058375168e+00,1.126438463751907815e+00,-1.805319396969844004e+00,1.497543661530465586e+00,-1.205931576976970732e+01,-8.808572208212220644e+00
-4.934281241163083198e-01,-7.563979303191239012e+00,-3.321526906032293613e+00,-3.443432565578503635e+00,-1.179460101112490733e+01,-1.339944063950863296e+01
1.395500798504822892e-01,6.684133754271298633e-01,2.752003690986243534e+00,-4.132675418701543535e-01,-9.040322658202665451e+00,-8.744420459051484684e+00
0.000000000000000000e+00,0.000000000000000000e+00,0.000000000000000000e+00,0.000000000000000000e+00,0.000000000000000000e+00,0.000000000000000000e+00
-6.926310036742036935e+00,-2.395882704750356140e+00,2.751990832159301181e+00,4.811149333767876790e-01,-9.906235384164228108e+00,-9.663728583597748667e+00
1.766880813314017473e+00,-4.653513104788274291e+00,6.536817251104896087e+00,3.978000504264018744e+00,-7.969062499999999716e+00,-4.899269829712325830e+00
2.751987341005861065e+00,-3.518233494863640676e-01,3.154546720815973870e-01,-2.894137783629731064e-01,-1.129200083739047500e+01,-8.279741800654850437e+00
-1.468350793617275940e+00,-3.147674895315490495e+00,-3.870174649397633004e+00,-8.167342809610417476e+00,-1.351309738496560797e+01,-1.247359545905660383e+01
0.000000000000000000e+00,0.000000000000000000e+00,0.000000000000000000e+00,0.000000000000000000e+00,0.000000000000000000e+00,0.000000000000000000e+00
-4.930009445311671623e-01,-3.164102643325811925e+00,-4.875674898450599315e+00,-1.825413393033321618e+00,-1.343163329301309972e+01,-1.119230039858552139e+01
5.329746740500349578e-01,-6.728946803563388812e+00,-3.243475088910908966e+00,-3.971952335727993333e+00,-1.139892335070659435e+01,-1.443822370416850376e+01
-5.233653447592676144e+00,-4.964707401933444508e+00,2.747754110011202844e+00,-4.248088404814143182e-02,-1.203330406129303043e+01,-8.894451376953124822e+00
-2.325257934053475140e+00,-3.862809579411198513e+00,5.336782904246712977e-01,-2.488781535008389056e+00,-1.293930348714272327e+01,-1.574696479478051536e+01
0.000000000000000000e+00,0.000000000000000000e+00,0.000000000000000000e+00,0.000000000000000000e+00,0.000000000000000000e+00,0.000000000000000000e+00
9.325290893489535549e+00,-3.666963926754760905e+00,-3.944827780430678832e+00,-3.489075536071777339e+00,-9.591789062500000185e+00,-1.121178611175231943e+01
1.257850331467459171e+01,1.428730256014243061e+01,1.609999999999999432e+01,1.404229058262376384e+01,5.288749233547703987e+00,5.254785131478888260e+00
9.403675624999991101e+00,7.933489052290879862e+00,6.536817174479921277e+00,7.933491841031798941e+00,-1.066508343641546119e+00,-1.066508163966478850e+00
-2.101476562500000256e+00,3.693166215801178431e+00,1.095123749994026241e+01,9.018407554884879218e+00,-3.666912202026550993e+00,-1.246643951379347914e+00
0.000000000000000000e+00,0.000000000000000000e+00,0.000000000000000000e+00,0.000000000000000000e+00,0.000000000000000000e+00,0.000000000000000000e+00
-2.395017118489413122e+00,-5.828122457215328289e+00,-4.224055255845303058e+00,-5.792551385798419439e+00,-1.333423702916558895e+01,-1.241747642645283278e+01
-2.756460457943736841e-01,-3.233522205760874790e-01,-2.570776540894220030e+00,1.614402859690167169e+00,-9.807513379507453166e+00,-9.855925044397078949e+00
-1.468350818025846660e+00,-7.918785576844668661e+00,-5.478664792443915132e+00,-1.966428400571828217e+00,-1.387411368088902108e+01,-1.349078099948903287e+01
1.614306392907995047e+00,2.751983667701598080e+00,3.949477569535146948e+00,1.614402707217287514e+00,-6.248248115023995020e+00,-6.247996353382717416e+00
0.000000000000000000e+00,0.000000000000000000e+00,0.000000000000000000e+00,0.000000000000000000e+00,0.000000000000000000e+00,0.000000000000000000e+00
1.380573066795508286e+00,2.743513590102537592e+00,3.949477569535146948e+00,1.130216475706075085e+00,-7.020305129239224229e+00,-6.751306321543346201e+00
5.136394972901372036e+00,6.534178994666262952e+00,7.933491843749990835e+00,4.620572831695875848e+00,-2.785982481710206571e+00,-2.474597644140359876e+00
1.614399288745487882e+00,-3.627542803921433912e+00,-5.977575130220570188e+00,-2.167589889745892506e+00,-1.120357013317871164e+01,-1.357222134000513236e+01
-3.892528368917548054e+00,-4.301298456787840507e+00,-6.497128673097259721e+00,-2.394936425621554399e+00,-1.406243026699316800e+01,-1.396044942492703989e+01
0.000000000000000000e+00,0.000000000000000000e+00,0.000000000000000000e+00,0.000000000000000000e+00,0.000000000000000000e+00,0.000000000000000000e+00
-1.468350846593283299e+00,-5.102526483140667146e+00,-5.509461924854446302e+00,-3.076080019492443363e+00,-1.261734475655617516e+01,-1.275850161385778136e+01
1.614403506481528749e+00,-3.073611066925330260e-02,-2.121954309468513600e+00,-3.753014327207382816e+00,-8.554758669691985062e+00,-9.789263202023917643e+00
3.949477569232793250e+00,-1.208625185020626880e+00,-2.130051482645933358e+00,-1.862963383126336581e+00,-9.847623985047047057e+00,-9.875000000000000000e+00
1.614403506505469377e+00,-1.400897222191989533e+00,-3.791412710071863756e+00,-5.570114578375802150e-01,-9.242281962321367672e+00,-1.116407689919124735e+01
0.000000000000000000e+00,0.000000000000000000e+00,0.000000000000000000e+00,0.000000000000000000e+00,0.000000000000000000e+00,0.000000000000000000e+00
7.933491843748523564e+00,5.213486795588947231e+00,4.011668477084397111e+00,5.909136617611769893e+00,-6.773226288637722803e+00,-2.641376136887539694e+00
1.429499999999999460e+01,1.609999999999999432e+01,1.800000000000000000e+01,1.429499999999999460e+01,7.099999999999997868e+00,7.099999999999997868e+00
7.933491843727987103e+00,6.536817048419578668e+00,5.209943771405734836e+00,7.933491843749990835e+00,-2.463182748958499424e+00,-2.463182750866009130e+00
1.258024999999999238e+01,1.095123437329448635e+01,9.403675624672626299e+00,9.403675584759163542e+00,1.951236922506235372e+00,1.951237490525771889e+00
0.000000000000000000e+00,0.000000000000000000e+00,0.000000000000000000e+00,0.000000000000000000e+00,0.000000000000000000e+00,0.000000000000000000e+00
-3.275187250432973762e+00,-7.830752420164452943e+00,-5.663495354260104975e+00,-7.872888008622387801e+00,-1.454348186115123553e+01,-1.369473126689485909e+01
5.335690978797652528e-01,-1.889781148342557060e+00,-6.674511442895711966e-01,-2.848482438781153814e+00,-1.068279772938068461e+01,-1.192034092855450567e+01
-7.723652301024117151e+00,-5.630992051986908109e+00,-5.538105567915605043e+00,-2.396008206907186633e+00,-1.592307478297426471e+01,-1.259302020935549038e+01
2.752003602312945496e+00,3.949477521791015633e+00,3.949477498552063537e+00,2.752003003139549264e+00,5.209976388984365769e+00,-5.050522430849342825e+00
0.000000000000000000e+00,0.000000000000000000e+00,0.000000000000000000e+00,0.000000000000000000e+00,0.000000000000000000e+00,0.000000000000000000e+00
2.752003674953916068e+00,3.949477459142888947e+00,3.949477203547020920e+00,2.752003687687325950e+00,5.209976388984365769e+00,-5.050522501930281294e+00
6.536817250384825861e+00,7.933447231314527670e+00,7.933491827663770479e+00,6.536817198945839458e+00,9.403675624999991101e+00,-1.066508156410792774e+00
5.333126566157172510e-01,-6.240000526178263840e+00,-5.992864225551530311e+00,-6.114065785411786358e+00,-1.316363488798372217e+01,-9.624868601863841633e+00
-3.275187656564470196e+00,-4.663599439482889686e+00,-6.260047067110670937e+00,-4.603829644909177787e+00,-1.484177786767715190e+01,-1.149334270973218786e+01
0.000000000000000000e+00,0.000000000000000000e+00,0.000000000000000000e+00,0.000000000000000000e+00,0.000000000000000000e+00,0.000000000000000000e+00
-2.402483333162890311e+00,-8.290440412080537058e+00,-8.109172222558036935e+00,-6.565197388028503056e+00,-1.436365029552040085e+01,-1.358965517393796318e+01
-6.789060195136516818e+00,-3.608632714340322956e+00,-1.051902482861134525e+00,5.336816614727393215e-01,-1.083168791592125579e+01,-1.068772718238556152e+01
2.752000345335029685e+00,-2.740371483791255169e-01,3.782152414935873175e-01,6.255326638774523218e-01,-8.108754568212280134e+00,-1.007290037874563637e+01
-1.361837494698245887e+00,-2.810332916076899945e+00,-5.630143676929977303e+00,5.336536545698896683e-01,-1.061576171367488186e+01,-1.265816659131299105e+01
0.000000000000000000e+00,0.000000000000000000e+00,0.000000000000000000e+00,0.000000000000000000e+00,0.000000000000000000e+00,0.000000000000000000e+00
6.536817251562490938e+00,5.209939542431191839e+00,5.209975237510374058e+00,6.536304197825868023e+00,-3.790031913830017807e+00,3.949477561065074749e+00
1.609999999999999432e+01,1.800000000000000000e+01,1.800000000000000000e+01,1.609999999999999432e+01,9.000000000000000000e+00,2.000000000000000000e+01
6.536487107114798967e+00,5.209976313910484436e+00,5.209976370145089852e+00,6.536817251562490938e+00,-3.790023670833240210e+00,3.949477436370028460e+00
1.095123749697099313e+01,9.403675535519349538e+00,9.403675619308192069e+00,1.095123749999999063e+01,4.036756238321807522e-01,7.933486737635747410e+00
0.000000000000000000e+00,0.000000000000000000e+00,0.000000000000000000e+00,0.000000000000000000e+00,0.000000000000000000e+00,0.000000000000000000e+00
1.584934588836063307e+00,3.949477569535146948e+00,1.611884067622479710e+00,2.751028088436969554e+00,-6.257886085378486563e+00,-6.358897158737571331e+00
6.536806423610464378e+00,9.403675624999991101e+00,6.536812780159856118e+00,7.933486198009694235e+00,-1.066598844707036253e+00,-1.066521916966596706e+00
2.750019283762266564e+00,5.209976388984365769e+00,2.751994557046229417e+00,3.949471122807125756e+00,-5.050527365752753184e+00,-5.050522455448133385e+00
-5.045949705087963366e+00,-7.792877368831942597e+00,-2.394944823882680929e+00,-4.450380633629343663e+00,-1.505622501145360914e+01,-1.455898655689821553e+01
0.000000000000000000e+00,0.000000000000000000e+00,0.000000000000000000e+00,0.000000000000000000e+00,0.000000000000000000e+00,0.000000000000000000e+00
-2.394933253932593153e+00,-5.222796016045390566e+00,-3.189684023059095708e+00,-3.919377268136496006e+00,-1.305534078976685208e+01,-1.233879360805048009e+01
-3.095466054862807681e+00,-4.243955127146065820e+00,5.336832045164663363e-01,-3.078151103413313994e+00,-1.119329487172194781e+01,-1.051440053384302153e+01
6.536817251562473174e+00,2.435446394390407221e+00,1.708115647450402008e+00,4.888887284170554182e+00,-7.448937350351172881e+00,-8.028437499999999005e+00
1.614403506505469821e+00,-5.741952209288611053e-01,-1.387674356578401547e+00,-3.058635437748146169e-01,-8.836343468025550152e+00,-9.287668251884705128e+00
0.000000000000000000e+00,0.000000000000000000e+00,0.000000000000000000e+00,0.000000000000000000e+00,0.000000000000000000e+00,0.000000000000000000e+00
2.752003691058389379e+00,-3.044962531914924275e-01,4.254906430210008139e-01,1.092845306387295601e+00,-7.843192555278689859e+00,-9.143405626926252694e+00
-3.529520299925744009e+00,-4.063763264457483260e+00,-4.930008353815821254e-01,-2.687931140364052673e+00,-1.117376057585213189e+01,-1.217847442885398479e+01
-4.153775654265583483e-01,-4.457529353539033679e+00,1.614344569498565640e+00,-6.530628826044946322e+00,-1.083621083867928903e+01,-1.087235650678459109e+01
-4.930008353788288833e-01,-2.724940332630494844e+00,-9.442785096460893923e-01,-3.287020269818194951e+00,-1.061447626663400001e+01,-1.184302435951764920e+01
0.000000000000000000e+00,0.000000000000000000e+00,0.000000000000000000e+00,0.000000000000000000e+00,0.000000000000000000e+00,0.000000000000000000e+00
1.429499999999999460e+01,1.800000000000000000e+01,1.429499999999999460e+01,1.609999999999999432e+01,7.099999999999997868e+00,7.099999999999997868e+00
7.933491843749990835e+00,5.209975879359249440e+00,7.933490464783952589e+00,6.536816648717803879e+00,-2.463182751203086163e+00,-2.463182778619427804e+00
1.429499999999999460e+01,1.095123748754058113e+01,1.095123746711674073e+01,1.258024999309856895e+01,3.580249907108547625e+00,3.580249936067981587e+00
9.199920200489989597e+00,6.450002714553100702e+00,9.403675624999991101e+00,5.033533109337991363e+00,-4.283254078125004582e+00,-1.354284288186022200e+00
0.000000000000000000e+00,0.000000000000000000e+00,0.000000000000000000e+00,0.000000000000000000e+00,0.000000000000000000e+00,0.000000000000000000e+00
5.336832548033323409e-01,2.752003691058389379e+00,1.614403463582361642e+00,2.752003674738420447e+00,-7.385597674297789794e+00,-7.385596585525441959e+00
5.209975823086558933e+00,7.933489658665973110e+00,6.536805026927461348e+00,7.933491843749990835e+00,-2.463214115472665888e+00,-2.463184046219807577e+00
6.736576426455509470e-01,3.949477569535125632e+00,2.616762985620042947e+00,3.646168679007600666e+00,-6.276943442218586355e+00,-7.154747242403046492e+00
-1.468350793609872973e+00,-3.810271104303794232e+00,-3.041421758385254748e+00,-3.665610624616419955e+00,-1.158996557194812382e+01,-1.142560455433839195e+01
0.000000000000000000e+00,0.000000000000000000e+00,0.000000000000000000e+00,0.000000000000000000e+00,0.000000000000000000e+00,0.000000000000000000e+00
-1.468350793610410765e+00,-5.605331544652116804e+00,-3.161679508797436977e+00,-3.880313496152221653e+00,-1.173093069527161525e+01,-1.243719276011236730e+01
1.614403506505469821e+00,-3.763027327152936863e+00,4.769466029909957827e-01,-1.120513913109980830e+00,-8.476218464437176081e+00,-8.517170594729597255e+00
5.209976388984360440e+00,-4.954979375374296779e+00,2.848476061674991122e+00,3.890282349871341694e+00,-5.135082416261562699e+00,-7.178873540343367665e+00
5.336833311665171165e-01,-1.912025886713668354e+00,-1.489308063558804296e+00,3.725196463301655436e-02,-9.673240126817423956e+00,-1.363513018778991714e+01
0.000000000000000000e+00,0.000000000000000000e+00,0.000000000000000000e+00,0.000000000000000000e+00,0.000000000000000000e+00,0.000000000000000000e+00
5.838273391597141870e-01,-3.896995706102372559e+00,-2.140858915078204916e+00,1.614403506309372682e+00,-9.818028222344077349e+00,-8.768558283958313382e+00
5.336833311801962854e-01,-4.323363559495447817e+00,-5.433215406779015044e-01,-2.465214382515209302e+00,-9.524817980023076558e+00,-9.538164784252085582e+00
2.752003691058386270e+00,-2.808375388215136326e+00,6.226547805378972456e-01,-4.232790990748888094e-01,-7.694189434177456377e+00,-7.681431424059898205e+00
5.336833311786319811e-01,-1.710404720012749014e+00,-4.055332418824058038e+00,-3.002868255214549364e+00,-9.690622260977539426e+00,-1.045932952627702761e+01
0.000000000000000000e+00,0.000000000000000000e+00,0.000000000000000000e+00,0.000000000000000000e+00,0.000000000000000000e+00,0.000000000000000000e+00
1.258024999999999238e+01,1.609999999999998010e+01,1.429499999999999460e+01,1.609999999999999432e+01,5.294999999999994600e+00,5.294999999999991935e+00
9.403675624999991101e+00,3.488132429711324978e+00,5.189368871215812362e+00,5.925274496551505621e+00,-1.558202014302196847e+00,-1.192499080154135971e+00
1.258024999999999238e+01,9.400600309702362267e+00,1.094961038529146435e+01,1.234575241088866449e+01,1.946070480654822354e+00,4.281850708007710615e-01
1.095123749999999063e+01,7.933491500577870781e+00,9.403675624994235704e+00,7.933491843746637073e+00,4.036712095318097937e-01,4.036753865423762799e-01
0.000000000000000000e+00,0.000000000000000000e+00,0.000000000000000000e+00,0.000000000000000000e+00,0.000000000000000000e+00,0.000000000000000000e+00
-4.930008353788135622e-01,-2.752982427431196477e+00,-2.653923758925391230e+00,-1.489517854413740849e+00,-1.046893096938591228e+01,-1.048159360160173748e+01
3.949477569535146948e+00,1.349098217738990968e+00,4.755642807121982507e-01,2.679950645149929311e+00,-6.289137641572506432e+00,-6.760022398600201043e+00
5.336833311796642665e-01,-4.418209848147585106e+00,-1.666576027602663101e+00,-9.312366730077757948e-01,-9.818173221379787208e+00,-9.646535634726697950e+00
-1.242433584312730099e+00,1.125992713952627566e+00,1.614403506363922602e+00,3.178838357777706847e-01,-1.035039123000954930e+01,-1.345882982514801185e+01
0.000000000000000000e+00,0.000000000000000000e+00,0.000000000000000000e+00,0.000000000000000000e+00,0.000000000000000000e+00,0.000000000000000000e+00
-1.320701324823225775e+00,-2.600011041534425971e+00,1.614403505739713918e+00,-1.302109907949060785e+00,-1.091510483684263377e+01,-1.012752522176787551e+01
2.752003225823026700e+00,5.209878361223885257e+00,5.209976388984365769e+00,3.949460958315107906e+00,-5.050657125606930364e+00,-5.050532013975180590e+00
3.949477569535146948e+00,1.277858949164011104e+00,1.580255550262044562e+00,2.244788226022416566e+00,-6.273710957135239852e+00,-6.255026766217127943e+00
-4.930008353788135622e-01,-2.778849387803072446e+00,-3.700759746014111951e+00,-2.283021520467149124e+00,-1.094803313296843150e+01,-1.049057440232720317e+01
0.000000000000000000e+00,0.000000000000000000e+00,0.000000000000000000e+00,0.000000000000000000e+00,0.000000000000000000e+00,0.000000000000000000e+00
5.336833311801962854e-01,-4.379694852711379482e+00,-1.490176890853187830e+00,-6.776730853956457468e-01,-9.705807606011600086e+00,-9.606603790043727997e+00
1.614403506505290409e+00,-1.441413631007190777e+00,6.060054744192164833e-01,-3.515787275763305741e-01,-8.483242637762593574e+00,-9.709727448593215016e+00
3.949475059735287452e+00,-3.818082948611408955e+00,-6.733846551993281082e-01,-1.343512935353262883e+00,-9.389254950237280184e+00,-7.730054109543285534e+00
1.088472841256343804e+00,-2.189534420594358544e+00,1.614403506490276641e+00,-3.976909586281540676e-01,-9.376671291305381573e+00,-8.714159382066938520e+00
0.000000000000000000e+00,0.000000000000000000e+00,0.000000000000000000e+00,0.000000000000000000e+00,0.000000000000000000e+00,0.000000000000000000e+00
1.095123749999999063e+01,5.593206928930293031e+00,7.824930789850419899e+00,3.015801709533675101e+00,-1.819400996096945278e+00,3.409185543227743476e-01
1.095123749999998708e+01,1.429499999999999460e+01,1.429499999999999460e+01,1.258024999999999238e+01,3.580249999999993715e+00,3.580249999999992383e+00
1.095123749999999063e+01,7.933491676522241853e+00,7.933491760324232978e+00,9.403675434970484304e+00,4.036743235748497804e-01,4.036756249994534196e-01
1.073065429687499517e+01,9.166105897725515206e+00,1.258024999999999238e+01,1.054156134121082999e+01,1.323977782643694923e+00,1.786247808272938276e+00
0.000000000000000000e+00,0.000000000000000000e+00,0.000000000000000000e+00,0.000000000000000000e+00,0.000000000000000000e+00,0.000000000000000000e+00
-1.836807972132533440e+00,-3.454209805026709823e+00,-3.413340018391642694e+00,-1.468350793609872973e+00,-1.175891830266651183e+01,-1.187206793487766632e+01
2.752003691058326762e+00,4.730623813653950238e-01,-1.030466380804348603e+00,2.658642199848487486e+00,-8.016116497238019889e+00,-7.763429563186937443e+00
-4.930008353788162823e-01,-2.567535149663836336e+00,-2.529179573256536973e+00,-6.024182066806079705e-01,-1.086603072312610152e+01,-1.116561277610384906e+01
5.304675954204004507e-01,2.752003691058389379e+00,2.751746008792168130e+00,5.186796169393310674e-01,-7.388219802871545561e+00,-7.385599675221378391e+00
0.000000000000000000e+00,0.000000000000000000e+00,0.000000000000000000e+00,0.000000000000000000e+00,0.000000000000000000e+00,0.000000000000000000e+00
5.335809935996366216e-01,2.751995028409396138e+00,2.752003691058389379e+00,5.327023776036574620e-01,-7.397824334976119687e+00,-7.385615757743206444e+00
3.949476703208885553e+00,6.536816572500425693e+00,6.536817251562490938e+00,3.948966188083459006e+00,-3.790023669236243897e+00,-3.790030243329881365e+00
2.229057090740926839e+00,-3.644224399719980800e-01,-2.812375939594118357e-01,2.752003691058389379e+00,-1.024046762540867306e+01,-7.389915045225647461e+00
-1.468350868273448073e+00,-4.453974261037254578e+00,-5.766762533283555925e+00,-1.675237778817339374e+00,-1.218540391991148297e+01,-1.259488393590403632e+01
0.000000000000000000e+00,0.000000000000000000e+00,0.000000000000000000e+00,0.000000000000000000e+00,0.000000000000000000e+00,0.000000000000000000e+00
-5.165097352794436603e-01,-2.550242385521472421e+00,-2.478445994935992935e+00,-4.930008353788135622e-01,-1.120995642146552917e+01,-1.049025383111082554e+01
2.752003691058389379e+00,-3.250353216425845293e-01,4.917641787961073430e-01,4.237332266495719701e-01,-7.406363291983116603e+00,-1.065127220789533879e+01
5.209976388984365769e+00,2.257561885783135658e+00,1.776120444992381309e+00,2.487483778569371307e+00,-5.423132934446616815e+00,-5.430670734752126805e+00
2.752003691058389379e+00,4.433020082477584500e-01,3.730715415394292300e-02,4.752519755060087836e-01,-7.712903582549993864e+00,-7.439095441237353334e+00
0.000000000000000000e+00,0.000000000000000000e+00,0.000000000000000000e+00,0.000000000000000000e+00,0.000000000000000000e+00,0.000000000000000000e+00
9.403675624999991101e+00,6.536817247776886219e+00,6.536741317087374270e+00,9.403675580669251133e+00,-1.066508156250201900e+00,-1.066508288024437423e+00
1.258024999999999238e+01,1.609999999999999432e+01,1.609999999999999432e+01,1.258024999999999238e+01,5.294999999999994600e+00,5.294999999999994600e+00
9.403675624999991101e+00,6.456391143791785581e+00,6.453973911433873667e+00,9.390964048251795759e+00,-1.206484136349174507e+00,-1.206482538124093562e+00
1.429499999999999460e+01,1.095123748652727613e+01,1.095123749986494133e+01,1.095123747042286766e+01,3.580249999749008261e+00,3.580249999759440804e+00
0.000000000000000000e+00,0.000000000000000000e+00,0.000000000000000000e+00,0.000000000000000000e+00,0.000000000000000000e+00,0.000000000000000000e+00
-2.578493604878724366e+00,-5.513871601511540099e+00,-3.411594218436791337e+00,-2.394933253945943363e+00,-1.335919285401515566e+01,-1.249957694856136570e+01
-2.029324777287469850e+00,-1.847174847187231794e+00,1.378557941364598749e-01,1.614403501429797050e+00,-9.474577420782036796e+00,-8.711066912905009119e+00
-7.701060781667107946e+00,-5.577670407548815490e+00,-5.125947261666857990e+00,-1.469254516802773747e+00,-1.523057859847920170e+01,-1.385316755722152848e+01
1.614297111208603974e+00,3.949477569535146948e+00,2.751875241534494254e+00,1.586419003406401851e+00,-6.249279836861657778e+00,-6.248310734541350442e+00
0.000000000000000000e+00,0.000000000000000000e+00,0.000000000000000000e+00,0.000000000000000000e+00,0.000000000000000000e+00,0.000000000000000000e+00
1.614397729023162142e+00,3.949477569535146948e+00,2.752003686792588333e+00,1.614311222963745518e+00,-6.248008580691395863e+00,-6.247996534130501267e+00
5.209976388968613037e+00,7.933491843749990835e+00,6.536816937175393250e+00,5.209976353244318403e+00,-2.463183883180629863e+00,-2.463182749134163352e+00
-3.306152369710515515e-01,-5.968756232639176318e+00,1.155160619942285360e-01,1.614403502230883358e+00,-8.912192619278561878e+00,-1.374623780121934402e+01
-2.394933253930334516e+00,-4.188689582228079189e+00,-4.004187946946791143e+00,-2.904276666132417528e+00,-1.240484053347065796e+01,-1.191314855419316032e+01
0.000000000000000000e+00,0.000000000000000000e+00,0.000000000000000000e+00,0.000000000000000000e+00,0.000000000000000000e+00,0.000000000000000000e+00
-5.134795888122627439e+00,-7.985049372325478068e+00,-3.822093817847640906e+00,-1.468350799933976436e+00,-1.324924250135841319e+01,-1.370914562216833055e+01
-3.467581929029566190e-01,-7.373236254467189221e-01,-6.287419937181982554e+00,1.614397591207355376e+00,-8.921211115741307651e+00,-1.352417334037674657e+01
3.949477569535049692e+00,-1.858403200445530423e+00,2.504120160781417859e+00,2.806611610590512118e+00,-5.000000000000000000e+00,-6.705630118173941057e+00
1.614398778398660639e+00,-6.884963406424230214e+00,-6.880940036361628209e+00,-5.231617414531868349e-01,-1.176519514338917816e+01,-9.978311208718814385e+00
0.000000000000000000e+00,0.000000000000000000e+00,0.000000000000000000e+00,0.000000000000000000e+00,0.000000000000000000e+00,0.000000000000000000e+00
7.933491837101028565e+00,5.209976117360710646e+00,6.536816947395407418e+00,7.933491843749990835e+00,-2.463182789609036583e+00,-2.463183030531880036e+00
1.429485455417874995e+01,1.800000000000000000e+01,1.609791180618812234e+01,1.429311996459960454e+01,7.099997110485844587e+00,7.099261455444031199e+00
4.870796261412252193e+00,2.852670232186630184e+00,1.076727336442011129e+00,7.933491814383668128e+00,-4.982099798127624268e+00,-9.904543164062499017e+00
1.076681652698656144e+01,6.346722416992180982e+00,1.089981229464529733e+01,1.258024999999999238e+01,-8.859135741664085906e-01,-9.230152347066264973e-01
0.000000000000000000e+00,0.000000000000000000e+00,0.000000000000000000e+00,0.000000000000000000e+00,0.000000000000000000e+00,0.000000000000000000e+00
3.800885519126360190e-01,2.752003691058389379e+00,4.301217951572756104e-01,1.498933854248198472e+00,-7.400706487688005097e+00,-7.481520459640283782e+00
4.500647637555340808e+00,7.933491843749990835e+00,5.056570808884603530e+00,6.450783114719985001e+00,-3.031999229063014667e+00,-2.780441803442309734e+00
1.614403119035346723e+00,3.949477569535146948e+00,1.612555062352418300e+00,2.752003631648862303e+00,-6.248020226201194127e+00,-6.247997666579460763e+00
-7.652653633755683416e+00,-4.356878230431856736e+00,-1.468350793610087468e+00,-3.688937694547851365e+00,-1.202655827940705180e+01,-1.122620775334105048e+01
0.000000000000000000e+00,0.000000000000000000e+00,0.000000000000000000e+00,0.000000000000000000e+00,0.000000000000000000e+00,0.000000000000000000e+00
-3.568505380260697191e+00,-3.427578475913718670e+00,-1.468350793609872973e+00,-3.778357496862454035e+00,-1.158519060323084737e+01,-1.142316691900116155e+01
-5.899421447103394556e-01,-2.550032281050083061e+00,1.614403506505469821e+00,4.202370127259378307e-01,-9.122221807328864784e+00,-8.509041423424468675e+00
7.933491843749990835e+00,5.209965602517760530e+00,5.209975789118853839e+00,6.536817181147305256e+00,-2.463182749508831204e+00,-2.463182823630928109e+00
2.752003691058389379e+00,5.336833172726287433e-01,5.336830724681596028e-01,1.614403506497123386e+00,-7.385596493605770974e+00,-7.385596735616502428e+00
0.000000000000000000e+00,0.000000000000000000e+00,0.000000000000000000e+00,0.000000000000000000e+00,0.000000000000000000e+00,0.000000000000000000e+00
3.949477569535146948e+00,1.614403029580414817e+00,1.614403019021418029e+00,2.752003554038887856e+00,-6.247996769817993012e+00,-6.248026530642979637e+00
-1.633216068267533405e+00,-1.812562469903685081e+00,5.336833311801960633e-01,-2.108731219249301070e+00,-1.105071862796307514e+01,-1.276631225862553265e+01
-1.702451094813757670e+00,-1.704335699298495044e+00,2.752003691057496759e+00,-3.415273555125257765e-01,-1.195184188653067636e+01,-8.326525513196278538e+00
-1.557021894796404293e+00,-1.477031423664546317e+00,5.336833311801962854e-01,-6.170857729351909571e-01,-9.673436035161063984e+00,-9.753318289701471855e+00
0.000000000000000000e+00,0.000000000000000000e+00,0.000000000000000000e+00,0.000000000000000000e+00,0.000000000000000000e+00,0.000000000000000000e+00
1.258024999916495190e+01,1.609999999999999432e+01,1.258024999914670161e+01,1.429499999997044668e+01,5.294999999858209350e+00,5.294999999779756550e+00
6.536817251562490938e+00,6.536817251560947284e+00,9.403675624999991101e+00,7.933491843749823857e+00,-1.066508156250009165e+00,-1.066508156264320384e+00
1.609999999999999432e+01,1.258024999999999238e+01,1.258024999999999238e+01,1.429499999999999460e+01,5.294999999999994600e+00,5.294999999999994600e+00
7.933491674927970472e+00,7.933490565333094047e+00,1.095123749999999063e+01,9.403675624626934848e+00,4.036755593645390272e-01,4.036756145562006015e-01
0.000000000000000000e+00,0.000000000000000000e+00,0.000000000000000000e+00,0.000000000000000000e+00,0.000000000000000000e+00,0.000000000000000000e+00
-4.930009142288051538e-01,1.614403506505469821e+00,-4.930564349687486247e-01,1.614399660107511458e+00,-8.466467582340481357e+00,-8.466363150263003234e+00
3.949477238571497573e+00,6.536817251562490938e+00,3.949476545349249079e+00,6.536804178341982130e+00,-3.790439953798907080e+00,-3.790024187977337089e+00
5.292543373809918128e-01,2.751171018269146451e+00,5.328029534962148706e-01,2.752003691058389379e+00,-7.385606681409212726e+00,-7.389181593512306634e+00
-2.397533590650105850e+00,-2.395485830107343617e+00,-4.930008353788135622e-01,-2.400952545095768720e+00,-1.046935204526366903e+01,-1.046855146606422515e+01
0.000000000000000000e+00,0.000000000000000000e+00,0.000000000000000000e+00,0.000000000000000000e+00,0.000000000000000000e+00,0.000000000000000000e+00
-2.404481550992536576e+00,-2.400130544421704482e+00,-4.930008353788135622e-01,-2.395274676218555499e+00,-1.046883839191034227e+01,-1.046842315472153118e+01
5.304104588755103045e-01,4.505261194011898618e-01,2.752003691058389379e+00,5.328469666582447140e-01,-7.420334296107625960e+00,-7.392937807001549011e+00
3.949380305921369239e+00,3.949476879413906794e+00,3.949335223097820702e+00,6.536817251562490938e+00,-3.790023744922931925e+00,-3.790208554055498613e+00
-4.930048730101918020e-01,-4.930052389441982319e-01,-4.930008897286651814e-01,1.614403506505469821e+00,-8.466316703893138396e+00,-8.466316822729414326e+00
0.000000000000000000e+00,0.000000000000000000e+00,0.000000000000000000e+00,0.000000000000000000e+00,0.000000000000000000e+00,0.000000000000000000e+00
5.328032972038457826e-01,5.336787767969912721e-01,5.336828806695372851e-01,2.752003691058389379e+00,-7.388475827597776657e+00,-7.385604207523480014e+00
-4.965224236115607925e-01,-4.930535681846215379e-01,1.614403506505469821e+00,-5.702414212325409570e-01,-8.477686681520399503e+00,-8.491109054131957379e+00
-5.280188081814258805e-01,1.116378139171945616e+00,3.949477569535146948e+00,1.495872270374573265e+00,-6.280668968943001751e+00,-6.261390244789142301e+00
-5.038244822032227344e-01,-4.941559548501082699e-01,1.614403506505469821e+00,-4.957751662565757500e-01,-8.467006863626163948e+00,-8.472135512210588359e+00
0.000000000000000000e+00,0.000000000000000000e+00,0.000000000000000000e+00,0.000000000000000000e+00,0.000000000000000000e+00,0.000000000000000000e+00
1.095123749999999063e+01,1.429499999999999460e+01,1.095123749999999063e+01,1.429499999999999460e+01,3.580249999999994159e+00,3.580249999999018495e+00
7.933491843749990835e+00,7.933491843749990835e+00,1.095123749999999063e+01,7.933491843749990835e+00,4.036756249999911006e-01,4.036756249997562884e-01
1.095123749999999063e+01,1.095123749999999063e+01,1.095123749999999063e+01,1.429499999999999460e+01,3.580249999999994159e+00,3.580249999999994159e+00
9.403675624999934257e+00,9.403675624999987548e+00,1.258024999999999238e+01,9.403675624999991101e+00,1.951237499999954661e+00,1.951237499999992409e+00
0.000000000000000000e+00,0.000000000000000000e+00,0.000000000000000000e+00,0.000000000000000000e+00,0.000000000000000000e+00,0.000000000000000000e+00
-1.468459620085990958e+00,-1.468377108548754473e+00,-1.468736708004243940e+00,5.336833311801962854e-01,-9.493001910912870045e+00,-9.493288382992396635e+00
2.748810019627182299e+00,2.751933265545807750e+00,2.752000434808017371e+00,5.209976388984365769e+00,-5.050522420540993096e+00,-5.050636711657993771e+00
-5.282281164142532681e-01,-4.941750253215433375e-01,-4.933898084066804524e-01,1.614403506505469821e+00,-8.466437752387371063e+00,-8.466586668157381368e+00
-1.468979517677932334e+00,4.773107726693249786e-01,5.336833311801962854e-01,-1.468394660250287309e+00,-9.493045070106308714e+00,-9.501319461263115329e+00
0.000000000000000000e+00,0.000000000000000000e+00,0.000000000000000000e+00,0.000000000000000000e+00,0.000000000000000000e+00,0.000000000000000000e+00
-1.468538262684611517e+00,5.296050902484220613e-01,5.336833311801962854e-01,-1.497830999508069638e+00,-9.502870459848164586e+00,-9.497746394917125912e+00
1.613603814897648814e+00,3.949477569535146948e+00,3.949148001979313261e+00,1.614348177761425696e+00,-6.248142851296020872e+00,-6.248004430914651408e+00
2.736919903831548595e+00,2.750062839637594791e+00,2.687944349461957039e+00,5.209976388984365769e+00,-5.050556798884850096e+00,-5.050579240019519744e+00
-1.493779016528300030e+00,-1.468352206437410157e+00,-1.468353776798515309e+00,5.336833311801962854e-01,-9.493031398243797270e+00,-9.493022801328738325e+00
0.000000000000000000e+00,0.000000000000000000e+00,0.000000000000000000e+00,0.000000000000000000e+00,0.000000000000000000e+00,0.000000000000000000e+00
-5.032869012523344399e-01,-4.960849159365743888e-01,-4.930560221091554451e-01,1.614403506505469821e+00,-8.466353856836704495e+00,-8.492331195492972995e+00
5.336815376884416207e-01,5.321233667571010351e-01,2.752003691058389379e+00,5.319310987425567294e-01,-7.386530868469033173e+00,-7.385764213923334154e+00
2.721093558620313324e+00,2.736666970636702612e+00,5.209976388984365769e+00,2.751995885207848325e+00,-5.050697282875734828e+00,-5.050552850837135566e+00
5.335680658632966367e-01,5.335249604498353282e-01,2.752003691058389379e+00,5.332250790228613146e-01,-7.385612902265823010e+00,-7.385599814878787583e+00
0.000000000000000000e+00,0.000000000000000000e+00,0.000000000000000000e+00,0.000000000000000000e+00,0.000000000000000000e+00,0.000000000000000000e+00
9.403675624999948468e+00,9.403675624999991101e+00,9.403675624999991101e+00,1.258024999999999238e+01,1.951237499999991076e+00,1.951237499999992409e+00
6.536817251562250242e+00,1.258024999999999238e+01,1.258024999999999238e+01,9.403675624999989324e+00,1.951237499999992409e+00,1.951237499999992409e+00
9.403675624999991101e+00,9.403675624999991101e+00,9.403675624999991101e+00,1.258024999999999238e+01,1.951237499999992409e+00,1.951237499999920466e+00
1.095123749999230967e+01,1.095123749999999063e+01,1.429499999999999460e+01,1.095123749999994445e+01,3.580249999999940869e+00,3.580249999999993715e+00
0.000000000000000000e+00,0.000000000000000000e+00,0.000000000000000000e+00,0.000000000000000000e+00,0.000000000000000000e+00,0.000000000000000000e+00
-2.432875123027472775e+00,-5.709602520944989656e+00,-2.404516599011427225e+00,-4.930008353788135622e-01,-1.047442375708892826e+01,-1.055046797380106938e+01
1.613299485959438728e+00,1.612247971338435892e+00,1.396998589480502595e+00,3.949477569535146948e+00,-6.290610367033870887e+00,-6.274466269369679772e+00
-1.474034698172463465e+00,-1.503717811176741526e+00,-1.523955292397393357e+00,5.336833311801962854e-01,-9.492995248718436585e+00,-9.493086401797604879e+00
-5.002098646018169337e-01,1.614403506505469821e+00,1.613418367221300942e+00,-4.931843371171190649e-01,-8.466407087794436848e+00,-8.466622065623498727e+00
0.000000000000000000e+00,0.000000000000000000e+00,0.000000000000000000e+00,0.000000000000000000e+00,0.000000000000000000e+00,0.000000000000000000e+00
-4.967892689726306488e-01,1.614403506505469821e+00,1.614394306182306948e+00,-4.930520297048760492e-01,-8.467088507797003061e+00,-8.466422145766976826e+00
2.233201229685071176e+00,5.209976388984365769e+00,2.019855464179002080e+00,1.795077031494199282e+00,-5.481298388732466442e+00,-5.025261215308615803e+00
1.568568670222960426e+00,1.496785880440147709e+00,6.224583182295528871e-02,3.949477569535146948e+00,-6.570094372404294170e+00,-6.388160067747072901e+00
-2.395610083208670638e+00,-2.450791847947892066e+00,-2.394934691273551408e+00,-4.930008353788135622e-01,-1.080093578012957067e+01,-1.046888204765487274e+01
0.000000000000000000e+00,0.000000000000000000e+00,0.000000000000000000e+00,0.000000000000000000e+00,0.000000000000000000e+00,0.000000000000000000e+00
-1.494748024024269428e+00,-1.493727007050351663e+00,-4.210638659081267221e+00,5.336833311801962854e-01,-9.486465736779500446e+00,-9.600541822145505222e+00
3.949477569535146948e+00,1.614401970702615152e+00,1.614403499106872086e+00,1.614403448443761047e+00,-6.247998203435329856e+00,-6.248207122115884360e+00
6.536817251562490938e+00,3.949190786635807804e+00,3.949477567607623918e+00,3.949460424512101220e+00,-3.790023611028816575e+00,-3.790023613389011281e+00
3.949477569535146948e+00,1.614060050498563825e+00,1.614402660801272038e+00,1.614401410516258961e+00,-6.248010145082874445e+00,-6.248269764161392459e+00
0.000000000000000000e+00,0.000000000000000000e+00,0.000000000000000000e+00,0.000000000000000000e+00,0.000000000000000000e+00,0.000000000000000000e+00
7.933491843749990835e+00,7.933491843749990835e+00,7.933491843749987282e+00,1.095123749999999063e+01,4.036756249999909341e-01,4.036756249999911006e-01
1.095123749699938998e+01,1.429499999999999460e+01,1.429499997873950790e+01,1.095123749409108527e+01,3.580243419256140314e+00,3.580249999984367548e+00
7.933491843749386874e+00,7.933491833169266982e+00,7.933491842180995235e+00,1.095123749999999063e+01,4.036755725800222905e-01,4.036756248524746016e-01
1.609999999999999432e+01,1.258024999999999238e+01,1.258024999999999238e+01,1.258024999999999238e+01,5.294999999999994600e+00,5.294999999999994600e+00
0.000000000000000000e+00,0.000000000000000000e+00,0.000000000000000000e+00,0.000000000000000000e+00,0.000000000000000000e+00,0.000000000000000000e+00
-3.403155700349004498e+00,-3.798526977794501214e+00,-2.442001819427678910e+00,-1.468350793609972227e+00,-1.004056218146278923e+01,-1.144258031128496000e+01
-2.676821379922258437e+00,1.152422983405611556e-01,1.167082756515322339e+00,2.752003691053977352e+00,-8.446022234534193984e+00,-8.292047791517402899e+00
-5.334350592177728778e+00,-3.957929207386315262e+00,-2.215785802235472168e+00,-4.930107952496542434e-01,-1.344135548718839246e+01,-1.281115069400065209e+01
4.717716348947785243e-01,2.752003691058389379e+00,1.539596714662585963e+00,4.314403399635221015e-01,-7.575527416714315621e+00,-7.394918990021082550e+00
0.000000000000000000e+00,0.000000000000000000e+00,0.000000000000000000e+00,0.000000000000000000e+00,0.000000000000000000e+00,0.000000000000000000e+00
5.104749798956150775e-01,2.752003691058389379e+00,-6.578824004726645747e+00,4.750907748177319867e-01,-7.859220135913721705e+00,-8.294877987454221113e+00
3.414516371516105320e+00,6.536817251562490938e+00,5.171293091063787095e+00,3.904793714537520888e+00,-3.815928334461184956e+00,-3.867834358631573100e+00
-3.455841390136998648e+00,-1.019776614497534428e+00,-5.883416256751749174e+00,2.751927239157618388e+00,-8.351784736500301065e+00,-9.533290133363719221e+00
-3.569187284806337068e+00,-4.483895463338948062e+00,-3.115826186137734766e+00,-1.468350793609872973e+00,-1.146146433369131401e+01,-1.147556225180105116e+01
0.000000000000000000e+00,0.000000000000000000e+00,0.000000000000000000e+00,0.000000000000000000e+00,0.000000000000000000e+00,0.000000000000000000e+00
-7.841682546664182851e+00,-7.983438401299277842e+00,-7.870134481409905014e+00,-4.930609105416211557e-01,-1.258069197336396527e+01,-1.266400621765498258e+01
1.640300380110896628e+00,-1.194510445683620414e+00,-6.097719800005418023e+00,2.752003691058360513e+00,-7.402687356902326599e+00,-8.114291921721877188e+00
4.895749747442227573e+00,2.629461853039639863e+00,3.807689478616099965e+00,5.209976388984365769e+00,-5.369038615523049174e+00,-5.306502964135235700e+00
2.752003691058389379e+00,-2.387398327507803675e-01,5.558096717244405127e-01,2.382338880021273919e+00,-1.015571374148875350e+01,-7.512523968577516698e+00
0.000000000000000000e+00,0.000000000000000000e+00,0.000000000000000000e+00,0.000000000000000000e+00,0.000000000000000000e+00,0.000000000000000000e+00
6.220924420289616563e+00,5.244269140741531388e+00,7.195206745491943501e+00,9.403675624999991101e+00,-1.558194639462617825e+00,-1.800786027343048268e+00
1.246709852436085697e+01,1.609999999999999432e+01,1.427949617635406909e+01,1.214140018567535151e+01,5.191360094913624934e+00,5.280888591121459363e+00
3.877966775345901063e+00,6.496270305599637140e+00,6.431265775493550940e+00,9.403675624964593638e+00,-3.411859195057128868e+00,-1.763504703608668178e+00
1.332477368186006217e+01,9.428426557173377631e+00,9.069484374999994714e+00,1.429499999999999460e+01,8.101506333132024729e-01,1.601904201462997168e+00
0.000000000000000000e+00,0.000000000000000000e+00,0.000000000000000000e+00,0.000000000000000000e+00,0.000000000000000000e+00,0.000000000000000000e+00
-2.946670731594377202e+00,1.614403506459165971e+00,-9.655821377787596749e-01,-1.291139014280562325e+00,-9.573122911867621099e+00,-8.632257092460488224e+00
3.239871088096000218e+00,6.536817166094019527e+00,4.577178229838526846e+00,2.702647442547017498e+00,-4.034712936484656787e+00,-4.154305434223209303e+00
-1.490622204630908332e+00,2.752003691058389379e+00,1.599553886303404893e+00,1.128806039327192146e+00,-7.409537274205796997e+00,-8.131370703124446209e+00
-6.073552557589347423e+00,-2.394933328673936934e+00,-4.471745483108192865e+00,-3.572503628327099889e+00,-1.492604794173589156e+01,-1.445798886207921186e+01
0.000000000000000000e+00,0.000000000000000000e+00,0.000000000000000000e+00,0.000000000000000000e+00,0.000000000000000000e+00,0.000000000000000000e+00
-6.382041132412418882e+00,-2.394933254367871633e+00,-4.567806130920119223e+00,-8.523785503176416256e+00,-1.288671711011837928e+01,-1.567871958101461871e+01
-2.828714451829136500e+00,5.336833310324669011e-01,-1.277791064241263541e+00,-2.061395748024271501e+00,-1.055091393963313351e+01,-9.565648727944083163e+00
9.403675624999991101e+00,6.536817231613031964e+00,7.933481199461990485e+00,7.933491843618222461e+00,-1.066508175581971640e+00,-1.066508156714713440e+00
3.949477569535146948e+00,1.614403506490721174e+00,2.752003690805827407e+00,2.752003689867172920e+00,-6.247996309802738679e+00,-6.247996310669016395e+00
0.000000000000000000e+00,0.000000000000000000e+00,0.000000000000000000e+00,0.000000000000000000e+00,0.000000000000000000e+00,0.000000000000000000e+00
5.209976388984365769e+00,2.751995689618785157e+00,3.949472929268101673e+00,3.949477551726295665e+00,-5.050522650301395799e+00,-5.050522467115614589e+00
-3.676744133017536331e+00,-4.930008355739707859e-01,-3.687436029563943229e+00,-1.834090435668589425e+00,-1.136581679910152687e+01,-1.263035123183068187e+01
-6.387801489397244126e+00,1.614401861045288822e+00,-6.661596631503485355e+00,-6.661596631503485355e+00,-1.064910675076399471e+01,-9.497090492397568084e+00
-5.354160505900721567e+00,-4.930008361047529264e-01,-2.327292592882080235e+00,-7.083783325346638904e+00,-1.293481633528324437e+01,-1.338806827084991724e+01
0.000000000000000000e+00,0.000000000000000000e+00,0.000000000000000000e+00,0.000000000000000000e+00,0.000000000000000000e+00,0.000000000000000000e+00
1.095123749998469265e+01,1.429499999999999460e+01,1.258024999903764041e+01,1.258024908654347129e+01,3.580249996528690470e+00,3.580249978649095333e+00
5.209976384654888548e+00,7.933491843749990835e+00,6.536817251403920892e+00,6.536817246513577651e+00,-2.463183024385644071e+00,-2.463183059496839356e+00
1.800000000000000000e+01,1.429499999999999460e+01,1.609999999999999432e+01,1.609999999999999432e+01,7.099999999999997868e+00,7.099999999999997868e+00
6.536777167824944001e+00,9.403675624999991101e+00,7.933491797123688016e+00,7.933486167709080661e+00,-1.066508177018282488e+00,-1.066508369922040567e+00
0.000000000000000000e+00,0.000000000000000000e+00,0.000000000000000000e+00,0.000000000000000000e+00,0.000000000000000000e+00,0.000000000000000000e+00
-1.579375064052481292e+00,5.336833311801962854e-01,-1.470829761940066760e+00,-5.168328547482016200e-01,-9.769008665328708929e+00,-9.540750730956464309e+00
2.231039579285940988e+00,5.209976388984365769e+00,2.626387276108037128e+00,-4.737940543475174238e-01,-5.444618032983946421e+00,-7.681081527732463776e+00
-6.683139601187248147e+00,1.614403506445790670e+00,-1.277881011692139968e+00,-3.696083570766695026e-01,-9.757162856460068312e+00,-1.001967595752858742e+01
-4.399872397079441555e+00,-1.468350793610514460e+00,-2.905866401498834684e+00,-3.042371455392660184e+00,-1.139628383633347752e+01,-1.160536546313180040e+01
0.000000000000000000e+00,0.000000000000000000e+00,0.000000000000000000e+00,0.000000000000000000e+00,0.000000000000000000e+00,0.000000000000000000e+00
-5.430799858438988714e+00,-1.468350793611329141e+00,-4.713727025952580973e+00,-7.653604371722947164e+00,-1.180897319454932415e+01,-1.145803219134435835e+01
-1.977358585233975896e+00,1.614403506505402319e+00,6.365398225712164404e-01,-3.533666410929097168e-01,-9.435841548245866406e+00,-9.068875784803125839e+00
1.948719011551078628e+00,5.209976388984365769e+00,8.570033953839133467e-01,3.071583638945012851e+00,-5.594635776322350651e+00,-5.051095955281398986e+00
-1.565086091687407643e+00,5.336833311801962854e-01,-1.675426518478714044e+00,-5.467669910534324051e-01,-9.569142039397927846e+00,-9.530857727354646869e+00
0.000000000000000000e+00,0.000000000000000000e+00,0.000000000000000000e+00,0.000000000000000000e+00,0.000000000000000000e+00,0.000000000000000000e+00
-7.243773181577262132e-01,1.614403506505469821e+00,-5.207720659696333243e-01,3.078103497586746062e-01,-8.976573120387767446e+00,-8.517418246557763695e+00
-4.346063139734504865e+00,5.336833264417939482e-01,8.414913208787488941e-02,-1.287829879813346956e+00,-1.120908206421295361e+01,-1.001190256599514328e+01
5.336833189936782684e-01,-1.629885969891669895e+00,-1.621372043871661894e+00,-3.209568001428714457e+00,-9.875000000000000000e+00,-9.673914481154969991e+00
-4.930974612029400461e+00,-1.415204477192424593e+00,5.336833311787023693e-01,-1.955911814432532037e+00,-9.679074826760691863e+00,-1.082074415077654095e+01
0.000000000000000000e+00,0.000000000000000000e+00,0.000000000000000000e+00,0.000000000000000000e+00,0.000000000000000000e+00,0.000000000000000000e+00
9.267312287901107837e+00,1.258024999999999238e+01,9.358036816430885807e+00,1.046231607053353585e+01,1.930334777787229728e+00,1.948811860734372070e+00
6.492849822790249803e+00,9.403675624999991101e+00,5.987965525454747251e+00,7.618669591035602373e+00,-1.066552428792948648e+00,-1.594927690551866561e+00
5.691726825420246882e+00,1.258024999999999238e+01,8.648323217773318916e+00,7.562423630796568652e+00,1.874279664818288671e+00,1.896692824766058383e+00
4.376120949693323325e+00,1.095123749999999063e+01,1.073535879270975713e+01,8.945150316309243621e+00,1.888187672142582207e-01,3.952764888131438115e-01
0.000000000000000000e+00,0.000000000000000000e+00,0.000000000000000000e+00,0.000000000000000000e+00,0.000000000000000000e+00,0.000000000000000000e+00
-3.436703619959250666e+00,-8.983951600026800488e-01,-3.993180960051391004e+00,-4.930008353807031618e-01,-1.157748974312367984e+01,-1.053577452447579077e+01
-1.563324613851919676e-01,3.949477569535133625e+00,2.256595802413711382e+00,2.499846454775209281e+00,-1.122924192267181454e+01,-8.574380212183754679e+00
-1.604034526399933602e+00,5.336833311787924083e-01,-6.995056715715898044e+00,-1.792537724913000119e+00,-1.018872735628551673e+01,-9.962247934524828707e+00
-7.147064559447922960e+00,-4.930008354027981543e-01,-7.135510980524574443e+00,-2.715665985928511716e+00,-1.054935396174099083e+01,-1.044864867204256242e+01
0.000000000000000000e+00,0.000000000000000000e+00,0.000000000000000000e+00,0.000000000000000000e+00,0.000000000000000000e+00,0.000000000000000000e+00
-3.058640177830825646e+00,-4.930008353788168929e-01,-4.590957729948099697e+00,-2.735062273969106617e+00,-1.157959123728093331e+01,-1.062913093651616947e+01
-4.581979337478538916e-01,2.752003691058387158e+00,5.061005237835105586e-01,3.979772215936187019e-01,-7.554529351645976831e+00,-7.739048042428441576e+00
-1.870473496910727285e-01,3.949477002023867644e+00,1.936467393670445070e+00,2.816975996028560303e+00,-6.959998983500359060e+00,-8.109510971274337621e+00
-5.305311318199253279e+00,-4.930010415857632999e-01,-3.871834498146561998e+00,-4.269604762186791191e+00,-1.078655111276787615e+01,-1.568910657375157314e+01
0.000000000000000000e+00,0.000000000000000000e+00,0.000000000000000000e+00,0.000000000000000000e+00,0.000000000000000000e+00,0.000000000000000000e+00
-2.048156735605871415e+00,-1.437979258114533643e+00,-1.375031489996221046e+00,5.336833284440570813e-01,-1.062888280904109806e+01,-1.084494753481227747e+01
-5.386247162995536630e-01,1.614403506505469821e+00,1.096200372822577207e-01,-5.933759562849734159e-01,-8.572864403837371583e+00,-8.683216335130655494e+00
1.555570474123685543e+00,3.949477569535146948e+00,1.671318876455024860e+00,-5.800676491521306044e-01,-6.305614480849408565e+00,-6.826975453141769457e+00
-1.051716429145096887e+00,1.614403506505469821e+00,3.735054542093280139e-01,-5.202401809332348748e-01,-8.506188863010898160e+00,-8.830580136145208314e+00
0.000000000000000000e+00,0.000000000000000000e+00,0.000000000000000000e+00,0.000000000000000000e+00,0.000000000000000000e+00,0.000000000000000000e+00
2.616896747967993875e+00,1.010296357452391902e+01,8.010485046727149339e+00,1.095123749999999063e+01,-2.096710280355974287e+00,1.502264344845249400e-01
9.324858257422032892e-01,-2.292257812499999936e+00,4.237861888420824563e+00,7.933491843749989059e+00,-6.167609050000007365e+00,-3.395273674415118847e+00
7.193267864000444156e+00,1.095123749999999063e+01,9.355932228095493741e+00,7.495058659140767077e+00,3.584405803690345893e-01,3.579029770157236556e-01
1.035050949651173058e+00,1.258024999999988580e+01,7.508769198331602723e+00,7.849276840463339511e+00,2.134281249950724657e-01,1.631509030616644429e+00
0.000000000000000000e+00,0.000000000000000000e+00,0.000000000000000000e+00,0.000000000000000000e+00,0.000000000000000000e+00,0.000000000000000000e+00
-5.496286300260011970e+00,-1.468350793976220814e+00,-3.783903998818365366e+00,-3.695060817955433841e+00,-1.408863113600101435e+01,-1.205517822783417614e+01
-6.198737238503492897e+00,2.752003691058280133e+00,-3.122199724414667976e+00,1.161631380811709136e+00,-1.291024188261653904e+01,-7.776135332634849462e+00
-3.742181101588923475e+00,-4.930008353788135622e-01,-3.170148172351161531e+00,-1.853349817799163635e+00,-1.044762482806217463e+01,-1.234766583746871227e+01
-1.828452997634464783e+00,-6.541084239758803598e+00,5.336833251926956789e-01,-8.690302382275706394e-01,-1.381768588939081432e+01,-1.147614106185782390e+01
0.000000000000000000e+00,0.000000000000000000e+00,0.000000000000000000e+00,0.000000000000000000e+00,0.000000000000000000e+00,0.000000000000000000e+00
-1.795996256003841163e+00,5.336833311801958413e-01,-1.397124493792967659e+00,-1.342101821100186498e+00,-1.111048722657411147e+01,-1.022174728407771482e+01
-1.569383749047561061e+00,3.065507106570493967e+00,3.949477565167442528e+00,-4.861572393299463002e+00,-7.280724348708540461e+00,-8.794902445247826606e+00
-1.074427850830678821e+00,2.752003691058389379e+00,-3.564069078258911283e-01,6.767101749439118352e-01,-7.562168311545792498e+00,-1.276562425646359600e+01
-3.367426781900608734e+00,-1.468350793609872973e+00,-5.883429981535471143e+00,-3.140005516359026139e+00,-1.255610861076157647e+01,-1.147614352229693324e+01
0.000000000000000000e+00,0.000000000000000000e+00,0.000000000000000000e+00,0.000000000000000000e+00,0.000000000000000000e+00,0.000000000000000000e+00
-2.528487005339961069e+00,-4.930008353788135622e-01,-4.374886897582712209e+00,-1.474675782713497973e+00,-1.048852056938434174e+01,-1.097141536853292010e+01
5.209976388984365769e+00,2.752003664576358144e+00,2.751979933937621414e+00,3.949475274637477717e+00,-5.050522459024801236e+00,-5.050524272445313656e+00
7.933491843749990835e+00,5.209901897224142431e+00,5.209968802151960787e+00,6.536812178131223838e+00,-2.463215313421067698e+00,-2.463182752775166406e+00
5.209976388984365769e+00,2.752003657769374279e+00,2.752003657406387305e+00,3.949477567824591251e+00,-5.050522621331392514e+00,-5.050522430526406481e+00
0.000000000000000000e+00,0.000000000000000000e+00,0.000000000000000000e+00,0.000000000000000000e+00,0.000000000000000000e+00,0.000000000000000000e+00
6.536817251562196063e+00,9.403675624999991101e+00,6.536817251247980742e+00,7.933491843107677077e+00,-1.066508721993739250e+00,-1.066508700696101153e+00
9.403675619605420977e+00,1.258024999999999238e+01,1.258024999824167267e+01,1.095123691643248520e+01,1.951236281276683027e+00,1.951237474104614122e+00
6.536806699471485516e+00,9.403675624999991101e+00,6.536794663095510494e+00,7.933488903908223477e+00,-1.066508180160044450e+00,-1.066508156306023691e+00
1.800000000000000000e+01,1.429499999999999460e+01,1.429499999999999460e+01,1.609999999999999432e+01,7.099999999999997868e+00,7.099999999999997868e+00
0.000000000000000000e+00,0.000000000000000000e+00,0.000000000000000000e+00,0.000000000000000000e+00,0.000000000000000000e+00,0.000000000000000000e+00
-5.755060862300737767e+00,-2.394933308810774708e+00,-3.794000310273455412e+00,-7.556419795874639078e+00,-1.537169851286322420e+01,-1.229271754473990619e+01
-1.314923918764557165e+00,1.614402910261842017e+00,-1.763121782127849535e+00,5.753449845105051974e-01,-9.287630809026573786e+00,-1.005934838346238891e+01
-8.385495771202474913e+00,-7.848719174748460148e+00,-5.341885051368944204e+00,-1.471005637200662797e+00,-1.507556350814988733e+01,-1.313809741207835913e+01
-6.731318171494878877e-01,1.614403506505469821e+00,3.235676005647653564e-01,-5.003495899801206903e-01,-8.480970638195707068e+00,-8.473785530319997150e+00
0.000000000000000000e+00,0.000000000000000000e+00,0.000000000000000000e+00,0.000000000000000000e+00,0.000000000000000000e+00,0.000000000000000000e+00
-1.553585096421554512e+00,1.614403506264288968e+00,-4.018231023764380350e-01,-1.139975201611312272e+00,-8.637539736563230264e+00,-8.973211721337749580e+00
5.780864757141706001e-01,5.209976388984365769e+00,2.848096324180820815e+00,3.291421928773448080e-01,-8.604641326754153496e+00,-5.075252093718599866e+00
-1.238849454063277511e+00,2.097958240793620366e-01,-5.489847854309417130e+00,1.614403506108900155e+00,-9.044584237535001847e+00,-8.890680979939803663e+00
-7.107371157442539555e+00,-2.578873055601684783e+00,-5.730138206193174710e+00,-2.394933253961073483e+00,-1.358002917504823692e+01,-1.310666124253387821e+01
0.000000000000000000e+00,0.000000000000000000e+00,0.000000000000000000e+00,0.000000000000000000e+00,0.000000000000000000e+00,0.000000000000000000e+00
-7.969290351069432177e+00,-3.140473346109540209e+00,-3.835472470671666301e+00,-1.468356923182040585e+00,-1.326767601501152072e+01,-1.255905226389606888e+01
1.568870840107957410e+00,7.053535298830175826e-01,1.646956695786486735e+00,3.949477565239147836e+00,-9.212108815626731229e+00,-7.202257557387697240e+00
6.443919780385638063e+00,1.816935263343701035e+00,4.567124563375655200e+00,6.536817251471724433e+00,-7.937082747924025128e+00,-3.944254396017114583e+00
3.635817515266158928e+00,1.484579965289488435e+00,2.679518508130435350e+00,3.949477569535146948e+00,-6.250582645114443281e+00,-6.251311761291273861e+00
0.000000000000000000e+00,0.000000000000000000e+00,0.000000000000000000e+00,0.000000000000000000e+00,0.000000000000000000e+00,0.000000000000000000e+00
6.342200436203251357e-01,2.176294520751318906e+00,3.921902110929719854e+00,7.933491843749348682e+00,-3.533224577797974941e+00,-4.127169562281554072e+00
1.044931951980912999e+01,1.429499999999999460e+01,1.069569924092115443e+01,9.281361108398431981e+00,1.950181218963336738e+00,3.499823691656516189e+00
-3.033860927059768287e-01,7.740646117995192199e+00,4.852426505053015759e+00,7.933488992260937067e+00,-3.097495417912170090e+00,-6.730003758538321001e+00
1.596542507790974419e+01,1.236638000863166198e+01,1.332426118682508509e+01,1.609999999999999432e+01,5.128569608887294962e+00,3.651093749999994920e+00
0.000000000000000000e+00,0.000000000000000000e+00,0.000000000000000000e+00,0.000000000000000000e+00,0.000000000000000000e+00,0.000000000000000000e+00
-3.827448745730766877e+00,5.336827185903487702e-01,-2.015018191157845084e+00,-2.396347979127822381e+00,-1.477070781706975922e+01,-1.247194966763088964e+01
-6.488275891723374045e-01,5.209509866498688524e+00,-5.240033083466975938e+00,-5.240033083466975938e+00,-6.513795787142129257e+00,-9.875000000000000000e+00
-2.844572477117161213e+00,1.614403385122347601e+00,-2.955845612551586843e+00,-6.184914151713777564e+00,-1.084459354752278237e+01,-1.134146316849906810e+01
-6.314191278305804289e+00,-3.275501682274359005e+00,-5.367700443017936252e+00,-6.239380666349924276e+00,-1.397848048467811211e+01,-1.373928466363953405e+01
0.000000000000000000e+00,0.000000000000000000e+00,0.000000000000000000e+00,0.000000000000000000e+00,0.000000000000000000e+00,0.000000000000000000e+00
-6.375867928632747095e+00,-3.275593148362244023e+00,-8.408834921846953137e+00,-5.728170644640236731e+00,-1.530438656688648535e+01,-1.180641640060631659e+01
-4.462251546715256367e+00,-4.933870195742088849e-01,-5.126098372134577197e+00,-7.374297463320532486e+00,-1.346623831468234656e+01,-1.123432698408804598e+01
9.403675577183925327e+00,7.933491833271531846e+00,9.403675437887613953e+00,9.403675612752767421e+00,1.095123749999999063e+01,4.036756240405736107e-01
3.949477569442267466e+00,2.752003657797332803e+00,3.949477569533169863e+00,3.949477568800817018e+00,5.209976388984365769e+00,-5.050522430508740612e+00
0.000000000000000000e+00,0.000000000000000000e+00,0.000000000000000000e+00,0.000000000000000000e+00,0.000000000000000000e+00,0.000000000000000000e+00
5.209972046864795203e+00,3.949475968090969236e+00,5.209976379761107168e+00,5.209974012442414093e+00,6.536817251562490938e+00,-3.790148203452085696e+00
-5.055937704614165362e+00,-1.468720187672504229e+00,-7.626680426918429845e+00,-5.443062960858107147e+00,-1.619836081918355219e+01,-1.592303230502134781e+01
-6.288718369579692435e+00,5.328612413363356115e-01,-3.876711807094032292e+00,-6.915912014597764390e+00,-1.318482729897032080e+01,-1.091123477718387491e+01
-8.617686234626042108e+00,-1.469803329385819257e+00,-6.120931376298464954e+00,-8.563644142087532884e+00,-1.435525399829471027e+01,-1.299966815136594178e+01
0.000000000000000000e+00,0.000000000000000000e+00,0.000000000000000000e+00,0.000000000000000000e+00,0.000000000000000000e+00,0.000000000000000000e+00
1.095123749998676033e+01,1.258024999999999238e+01,1.095123666005583374e+01,1.095123740642167931e+01,1.951234028513140206e+00,9.403675532965824146e+00
5.209976384317944742e+00,6.536817251562490938e+00,5.209976384384179759e+00,5.209976384459776177e+00,-3.790023611112088187e+00,3.949477569501049778e+00
1.800000000000000000e+01,1.609999999999999432e+01,1.800000000000000000e+01,1.800000000000000000e+01,9.000000000000000000e+00,2.000000000000000000e+01
6.536817058548527015e+00,7.933491843749990835e+00,6.536817249011857456e+00,6.536817251552573538e+00,-2.463182961191159759e+00,5.209976386461754316e+00
0.000000000000000000e+00,0.000000000000000000e+00,0.000000000000000000e+00,0.000000000000000000e+00,0.000000000000000000e+00,0.000000000000000000e+00
-2.412584653725169836e+00,-4.930008368361593618e-01,-4.432879837762301989e+00,-2.026655935905281591e+00,-1.194302637822056568e+01,-1.143971245620560317e+01
6.997861372015385939e-01,3.949470580140966192e+00,-5.628313987523386963e+00,-4.723434194958391785e+00,-1.241690828745514352e+01,-7.856250000000000178e+00
-6.832360663591395600e+00,-3.211671727868428583e+00,-1.469817781823130609e+00,-6.857308196959186475e+00,-1.388861856052474231e+01,-1.340117077747172303e+01
-7.381518142699608376e+00,-2.395091314638005286e+00,-7.198948694263364700e+00,-5.378402234000660975e+00,-1.215017186429409790e+01,-9.337812500000000071e+00
0.000000000000000000e+00,0.000000000000000000e+00,0.000000000000000000e+00,0.000000000000000000e+00,0.000000000000000000e+00,0.000000000000000000e+00
-7.797519058549440274e+00,-2.394937660485848330e+00,-5.163090559439011074e+00,-5.685647170444685372e+00,-1.382521252693457470e+01,-1.513882007739579372e+01
-3.663981268826898230e+00,5.323193300780617587e-01,-2.908974379340111938e+00,-2.416684856509385693e+00,-9.793284603870077376e+00,-1.013612905051514090e+01
7.412502543230283791e-01,3.949477568983918552e+00,-2.019555044501170293e+00,1.732848643989437720e+00,-8.846765750150730412e+00,-6.458241448575746446e+00
-1.867070388684104021e+00,-4.930008353788515318e-01,-2.837513920058522654e+00,-1.577690611918680874e+00,-1.064376346630482928e+01,-1.193611762483876859e+01
0.000000000000000000e+00,0.000000000000000000e+00,0.000000000000000000e+00,0.000000000000000000e+00,0.000000000000000000e+00,0.000000000000000000e+00
-3.895861199894426363e+00,5.336833311770009525e-01,-2.255886365779693037e+00,-3.976538111260766950e+00,-9.588501434725511530e+00,-1.168587404500902593e+01
-7.195161549019500669e+00,-2.174998938896504974e+00,-4.944872486429010561e-01,-2.926951910834270976e+00,-1.143351081717336726e+01,-9.875000000000000000e+00
-2.883606741667213980e-01,-6.065188233546218832e+00,1.614403506505453390e+00,-3.301567027576786106e-01,-8.783737061260453061e+00,-1.111483610463172056e+01
-7.503928710880261477e+00,-4.938766058523009761e-01,-2.244130214946126856e+00,-5.553168665593876341e+00,-1.587137398665101173e+01,-1.154614762558806973e+01
0.000000000000000000e+00,0.000000000000000000e+00,0.000000000000000000e+00,0.000000000000000000e+00,0.000000000000000000e+00,0.000000000000000000e+00
3.067558399940129021e+00,1.093802223322309786e+01,-2.618451069335937742e+00,-2.708569428710937643e+00,-5.000000000000000000e+00,-5.000000000000000000e+00
-2.818633979492187969e+00,7.929641071669635721e+00,-2.876707324218749307e+00,1.851775169082475969e+00,-7.500000000000000000e+00,-8.538426074218749662e+00
-3.248168130004883025e+00,1.007535448436889247e+01,1.742555077029556365e+00,-3.462935205261230553e+00,-8.215963105873585803e+00,-8.215963105873585803e+00
-3.038907902832031382e+00,9.015771242009972042e+00,-3.311538396118164584e+00,-3.248168130004883025e+00,-6.269711858930891779e+00,-5.000000000000000000e+00
0.000000000000000000e+00,0.000000000000000000e+00,0.000000000000000000e+00,0.000000000000000000e+00,0.000000000000000000e+00,0.000000000000000000e+00
-6.661596631503485355e+00,-4.174611911294759281e+00,-5.580076371706754301e+00,-1.468385855452859268e+00,-1.071675443758850044e+01,-1.291980190531486983e+01
-1.907821691484917537e+00,2.751900604094207115e+00,-3.547854021162134330e+00,-1.025634652132844771e+00,-1.036068403846230446e+01,-8.943202628864629133e+00
-2.397870751398117672e+00,-4.930008449764118894e-01,-2.455851208003097419e+00,-3.628113384188387691e+00,-1.148967015640129219e+01,-1.110530635983606906e+01
-7.586023941128915205e+00,-1.468612543484363542e+00,-4.851130284451486752e+00,-5.342701415718965841e+00,-1.193448960931858238e+01,-1.341577312111576603e+01
0.000000000000000000e+00,0.000000000000000000e+00,0.000000000000000000e+00,0.000000000000000000e+00,0.000000000000000000e+00,0.000000000000000000e+00
-5.292026883904974888e+00,-1.468351139720414089e+00,-4.354204420891377048e+00,-3.905514645742589774e+00,-1.189446199357536393e+01,-1.142499093983622060e+01
-4.296800008672497784e-01,1.614401099519086058e+00,-1.843507299913038189e+00,-6.589004186868466562e+00,-1.036722948700740687e+01,-1.072940525449042681e+01
-4.995908253996355519e+00,-5.275078267690495260e+00,-5.073354114886880595e+00,2.751831561254659331e+00,-9.889280669966710846e+00,-1.325148952349895559e+01
-5.313670662635681552e+00,-4.836224805064771815e+00,-3.918148577545597533e+00,-1.468351418517388707e+00,-1.143676619389052362e+01,-1.360636784745436856e+01
0.000000000000000000e+00,0.000000000000000000e+00,0.000000000000000000e+00,0.000000000000000000e+00,0.000000000000000000e+00,0.000000000000000000e+00
-7.653366510957381408e+00,-2.306133420445054316e+00,-2.476425721886827080e+00,-4.930027240807184907e-01,-1.198486359117901401e+01,-1.253407499169628991e+01
-1.625827336402676293e+00,5.336833303155070762e-01,-2.489045747050868673e+00,-3.584392461799117857e+00,-1.329432245613501706e+01,-9.385950209659267074e+00
-1.109101712915078419e+00,2.752003691058389379e+00,1.140451810649539155e+00,3.182530303806012650e-01,-7.549907667561816638e+00,-7.767919682072113474e+00
-7.519728260047076063e+00,5.335363041746953305e-01,-7.621640273307141555e+00,-7.311390836474480182e+00,-1.220069562693759835e+01,-1.063611612454132072e+01
0.000000000000000000e+00,0.000000000000000000e+00,0.000000000000000000e+00,0.000000000000000000e+00,0.000000000000000000e+00,0.000000000000000000e+00
-2.752638666992187844e+00,8.001598174092240612e+00,-2.818633979492187969e+00,-2.583262109375000115e+00,-1.030492187011718741e+01,-8.597439350585936779e+00
-3.132806728515625139e+00,5.352966507288021702e+00,-2.718380175781249353e+00,-3.014245012207031227e+00,-8.723489738769531598e+00,-5.000000000000000000e+00
-3.325872254638671421e+00,9.337372186050775014e+00,-3.567771825650787321e+00,-3.296814614379883324e+00,-5.000000000000000000e+00,-5.000000000000000000e+00
-3.285214468994140713e+00,7.456992164915142496e+00,-3.248168130004883025e+00,2.170799908263001843e+00,-5.000000000000000000e+00,-9.783715039062499841e+00
0.000000000000000000e+00,0.000000000000000000e+00,0.000000000000000000e+00,0.000000000000000000e+00,0.000000000000000000e+00,0.000000000000000000e+00
-7.837726537533907134e+00,-2.395340006460594751e+00,-7.912839616189653036e+00,-5.519662845215329128e+00,-1.291026329216170154e+01,-1.267385424328946897e+01
-5.968806449970793793e+00,1.613040519535525963e+00,-5.231224733757401602e+00,-6.083002161354492898e+00,-1.100398873808546441e+01,-1.217235885390405059e+01
-4.884429693536972650e+00,-1.468350796888697296e+00,-5.751857627798234063e+00,-8.102209094667298217e+00,-1.141294922788368638e+01,-1.311323441571592774e+01
-2.859069137554349549e+00,-3.646424861971538700e+00,-4.930055226729855855e-01,-3.953092962729013671e+00,-1.155062539840093017e+01,-1.204573460616078684e+01
0.000000000000000000e+00,0.000000000000000000e+00,0.000000000000000000e+00,0.000000000000000000e+00,0.000000000000000000e+00,0.000000000000000000e+00
-2.965042033270014699e+00,-4.930008381067437218e-01,-4.178410655753690861e+00,-4.499781518202217612e+00,-1.029368821372677090e+01,-1.379006253038330421e+01
-1.892295185961911486e+00,2.751603197550311464e+00,-1.147722928396306408e+00,-5.271067685632648825e+00,-1.437052613951738778e+01,-1.295250049018325811e+01
-2.963571148762343732e+00,1.613175645546477854e+00,-3.064110835273591071e+00,-4.636753487889358816e+00,-1.053717357778903541e+01,-1.338065325572508257e+01
-4.792550253414090022e+00,-2.394933900685389361e+00,-5.055863366500375378e+00,-6.225881265217816818e+00,-1.337506805433373103e+01,-1.609893406477270617e+01
0.000000000000000000e+00,0.000000000000000000e+00,0.000000000000000000e+00,0.000000000000000000e+00,0.000000000000000000e+00,0.000000000000000000e+00
-4.331079175892803335e+00,-1.468350858247202018e+00,-8.213167208786325446e+00,-3.829243548417291532e+00,-1.398668575035765826e+01,-1.263677233577306858e+01
5.209976388280008308e+00,3.949477567176430171e+00,3.949477559737784915e+00,5.209976383562299418e+00,6.536817251562490938e+00,-3.790025723710913841e+00
7.933491838192734846e+00,6.536817170360561313e+00,6.536816989364133690e+00,7.933491842971228003e+00,9.403675624999991101e+00,-1.066571692931232329e+00
5.209976386495841716e+00,3.949477559953655792e+00,3.949467654728654686e+00,5.209976387734152503e+00,6.536817251562490938e+00,-3.790023869146136537e+00
0.000000000000000000e+00,0.000000000000000000e+00,0.000000000000000000e+00,0.000000000000000000e+00,0.000000000000000000e+00,0.000000000000000000e+00
6.536817250942600133e+00,7.933491843749990835e+00,5.209969398542355634e+00,6.536817231335978917e+00,-2.463182797040969874e+00,5.209974111847582634e+00
9.403629194889013831e+00,1.095123749999999063e+01,1.095123702938046151e+01,9.403675264776524045e+00,4.036653183066755690e-01,7.933491842504503566e+00
6.536817085043146847e+00,7.933491843749990835e+00,5.209541858806992387e+00,6.536817249247713235e+00,-2.463182996248620249e+00,5.209976384097835478e+00
1.800000000000000000e+01,1.609999999999999432e+01,1.609999999999999432e+01,1.800000000000000000e+01,9.000000000000000000e+00,2.000000000000000000e+01
0.000000000000000000e+00,0.000000000000000000e+00,0.000000000000000000e+00,0.000000000000000000e+00,0.000000000000000000e+00,0.000000000000000000e+00
-7.769179963602414141e+00,-3.276152420697873602e+00,-6.221861722676711004e+00,-6.971265679716599273e+00,-1.352628253247406676e+01,-1.412572362329683884e+01
-5.883115046285064764e+00,5.331531255757877563e-01,-5.753169545201330948e+00,-2.739500213903789838e+00,-1.178984478066221797e+01,-1.312665440523015192e+01
-8.295575623172751989e+00,-5.342811993919758251e+00,-4.496835498472332660e+00,-2.394985977124039600e+00,-1.424578200526609706e+01,-1.528392019308505390e+01
-2.025395419307324918e+00,5.336833311191269136e-01,-1.984416489744438739e+00,-1.803592609649649958e+00,-9.469781125742507299e+00,-1.336306085498532603e+01
0.000000000000000000e+00,0.000000000000000000e+00,0.000000000000000000e+00,0.000000000000000000e+00,0.000000000000000000e+00,0.000000000000000000e+00
-7.502680052118025245e+00,5.327953008912318378e-01,-2.449236834445545519e+00,-1.655525913879141164e+00,-1.343072588247442312e+01,-1.082963900299839111e+01
7.054439944502064463e-01,3.949337891261612832e+00,2.366372295251704116e-01,1.952378122719242715e-01,-6.925119943106556875e+00,-7.706424386465194232e+00
-1.919220281602693978e+00,5.333808432774850283e-01,-1.885830815873185795e+00,-6.405838236607809932e+00,-1.045100464616415792e+01,-1.328893202968278686e+01
-4.791389479525719253e+00,-3.275187348618791461e+00,-7.485768862591706707e+00,-4.635459165480534161e+00,-1.714540580415616233e+01,-1.382462160392119799e+01
0.000000000000000000e+00,0.000000000000000000e+00,0.000000000000000000e+00,0.000000000000000000e+00,0.000000000000000000e+00,0.000000000000000000e+00
-8.283215647118868930e+00,-2.404388249524772814e+00,-4.555588925295920077e+00,-5.386957392698207059e+00,-1.531549101160813109e+01,-8.630667084960936819e+00
-6.167348371254028905e-01,1.411681204005915902e+00,3.927219523252389877e+00,5.209976388984362217e+00,-5.167455825976224659e+00,-7.207130583012029135e+00
3.726505045799388238e+00,1.857505411911848370e-01,5.166050178666479198e+00,7.933491843749637340e+00,-7.103529034977366763e+00,-3.097398341968452318e+00
2.740719913664134921e+00,7.476631898830721212e-01,1.559554315988293638e+00,5.209976388965825045e+00,-7.123953431917625423e+00,-7.387272627815361759e+00
0.000000000000000000e+00,0.000000000000000000e+00,0.000000000000000000e+00,0.000000000000000000e+00,0.000000000000000000e+00,0.000000000000000000e+00
-4.288464072066611621e+00,3.894128130968991020e+00,2.867316664164974771e+00,6.536816938186383652e+00,-1.070008505565839130e+01,-8.163221945060191942e+00
4.066226380071118918e+00,1.258024999878923822e+01,4.286575536365997863e+00,-2.548251171875000054e+00,-3.038600588910980171e+00,-3.724180584860546261e+00
-4.770706572958255620e+00,3.586895483296670406e-01,1.706242098248422767e+00,6.536796405479254446e+00,-9.159638986425497009e+00,-7.011280563456592674e+00
1.603255755472630284e+01,1.234011941228398079e+01,1.583299512836134681e+01,1.800000000000000000e+01,5.274999999999998579e+00,6.291770426143536987e+00
